-- phpMyAdmin SQL Dump
-- version 5.2.0
-- https://www.phpmyadmin.net/
--
-- Hôte : localhost
-- Généré le : lun. 20 fév. 2023 à 16:30
-- Version du serveur : 10.4.27-MariaDB
-- Version de PHP : 8.2.0

SET SQL_MODE = "NO_AUTO_VALUE_ON_ZERO";
START TRANSACTION;
SET time_zone = "+00:00";


/*!40101 SET @OLD_CHARACTER_SET_CLIENT=@@CHARACTER_SET_CLIENT */;
/*!40101 SET @OLD_CHARACTER_SET_RESULTS=@@CHARACTER_SET_RESULTS */;
/*!40101 SET @OLD_COLLATION_CONNECTION=@@COLLATION_CONNECTION */;
/*!40101 SET NAMES utf8mb4 */;

--
-- Base de données : `demo_fleuriste`
--

-- --------------------------------------------------------

--
-- Structure de la table `client`
--

CREATE TABLE `client` (
  `id_client` int(11) NOT NULL,
  `nom` varchar(100) NOT NULL,
  `prenom` varchar(100) NOT NULL,
  `telephone` varchar(15) NOT NULL,
  `adresse` varchar(255) DEFAULT NULL,
  `code_postal` varchar(5) DEFAULT NULL,
  `ville` varchar(50) DEFAULT NULL
) ENGINE=InnoDB DEFAULT CHARSET=utf8mb4 COLLATE=utf8mb4_general_ci;

--
-- Déchargement des données de la table `client`
--

INSERT INTO `client` (`id_client`, `nom`, `prenom`, `telephone`, `adresse`, `code_postal`, `ville`) VALUES
(1, 'Dickinson', 'Jena', '153-437-9266', '67897 Stewart Common', '87982', 'Port Alexandra'),
(2, 'Labadie', 'Madie', '1-943-124-4304x', '9423 Green View Suite 460', '55706', 'South Bertramton'),
(3, 'Lindgren', 'Jules', '1-450-891-6392', '35733 Cremin Junction', '87291', 'Bernadinestad'),
(4, 'Lemke', 'Kadin', '01969129867', '9354 Merl Summit', '37728', 'East Velva'),
(5, 'Glover', 'Calista', '1-567-781-0871', '371 Juliana Glen Suite 914', '04557', 'Murrayview'),
(6, 'Schuppe', 'Valentine', '(543)853-2913x5', '002 Martin Dale', '37930', 'West Maxfort'),
(7, 'Adams', 'Muriel', '311.901.8517', '8397 Terry Place', '43762', 'South Johanna'),
(8, 'Champlin', 'Maureen', '(096)142-2308x2', '813 Senger Plains Suite 911', '57781', 'Port Lela'),
(9, 'Cruickshank', 'Bartholome', '(877)017-5101x4', '272 Carolina Trail Apt. 971', '90960', 'Liamshire'),
(10, 'Bergnaum', 'Dayne', '348.089.5876x41', '7695 Bashirian Dam Apt. 960', '30753', 'Bradtkebury'),
(11, 'Anderson', 'Loren', '388-835-9808x66', '69025 Howard Cove Apt. 481', '60567', 'Port Austin'),
(12, 'Bosco', 'Mauricio', '1-174-393-2890x', '346 Leuschke Ferry Suite 857', '62113', 'Webstermouth'),
(13, 'Donnelly', 'Lyric', '984-718-1549x90', '9292 Brennon Lock Suite 266', '08611', 'West Orastad'),
(14, 'Bailey', 'Noemi', '634.311.7275x30', '31650 Rodriguez Locks Suite 028', '08019', 'Runteberg'),
(15, 'Koepp', 'Yvonne', '08620770298', '629 Aliyah Viaduct', '35426', 'Krischester'),
(16, 'Herman', 'Robbie', '1-412-117-6838x', '02391 Corwin Ways Suite 357', '42204', 'North Donatoland'),
(17, 'Stroman', 'Janick', '+84(9)753338061', '09397 Alessandro Common', '89381', 'South Willard'),
(18, 'Jenkins', 'Itzel', '945-261-9813x86', '433 Effertz Squares', '90362', 'East Aditya'),
(19, 'Price', 'Noel', '176.289.1440', '282 Bradtke Locks Apt. 304', '19721', 'New Katelynnhaven'),
(20, 'Kshlerin', 'Ken', '838.358.2566x82', '2405 Angel Junction Apt. 980', '49138', 'West Cassieborough'),
(21, 'Mayer', 'Karlee', '603.695.6323', '3708 Smitham Village', '70359', 'Lake Margotton'),
(22, 'Stoltenberg', 'Enoch', '+77(8)978553280', '8922 Pascale Divide', '59737', 'Reichertside'),
(23, 'Wintheiser', 'Allen', '614-144-7447', '2457 Allie Locks Apt. 379', '54293', 'Port Heaven'),
(24, 'Zemlak', 'Malachi', '(018)157-5253x4', '999 Angelica Field Suite 850', '14320', 'Port Cesartown'),
(25, 'Yundt', 'Fern', '936-661-2348x19', '0802 Sporer Turnpike', '49534', 'Port Herminachester'),
(26, 'Runolfsson', 'Martin', '09584726521', '96532 Kerluke Lakes Suite 250', '96314', 'New Tiara'),
(27, 'Littel', 'Ian', '1-131-347-1674x', '192 Kayli Row', '26708', 'North Alizaland'),
(28, 'Runolfsdottir', 'Elva', '(847)325-0772x0', '915 Madie Key Suite 759', '12990', 'Brakusshire'),
(29, 'Labadie', 'Chadrick', '360.178.5033x47', '736 Mohammed Mount Apt. 098', '78217', 'East Tavares'),
(30, 'Watsica', 'Jadyn', '448-597-2141', '65900 Fritsch Drives', '79713', 'Spinkamouth'),
(31, 'Goodwin', 'Payton', '(031)022-3239x4', '0231 Luna Unions Apt. 527', '56478', 'Durganville'),
(32, 'Gleason', 'Kevon', '379.488.2371', '342 Rau Burg', '50006', 'Lake Tad'),
(33, 'Zulauf', 'Kaylie', '248.801.6912', '658 Pollich Square', '61516', 'South Claraburgh'),
(34, 'Marvin', 'Nico', '1-332-037-2815', '0772 Elvera Port Apt. 439', '48898', 'OReillystad'),
(35, 'Krajcik', 'Jazmin', '1-704-555-3036x', '1746 Jamaal Vista Suite 456', '56356', 'South Zoila'),
(36, 'Olson', 'Jayda', '+46(0)453500552', '836 Spencer Estate', '83366', 'Champlinshire'),
(37, 'Buckridge', 'Mac', '1-841-064-7273x', '15695 Quigley Islands Apt. 302', '41058', 'East Einar'),
(38, 'Spinka', 'Beth', '1-725-594-3003x', '5522 Yost Square', '74069', 'Hilllfurt'),
(39, 'Konopelski', 'Davon', '1-079-379-8946', '499 Gilbert Route', '41518', 'Port Odessastad'),
(40, 'Harris', 'Estevan', '283-904-6796x26', '51348 Marilie Ramp Suite 101', '97520', 'Bayerport'),
(41, 'Jaskolski', 'Jessica', '(324)572-6124', '964 Judge Knolls', '25412', 'Burdetteberg'),
(42, 'Barrows', 'Adolfo', '(602)703-6715', '3382 Esperanza Village', '30504', 'Murazikton'),
(43, 'Lesch', 'Crystal', '+96(4)690946700', '6203 Keira Estates Suite 373', '64736', 'Lake Earleneton'),
(44, 'OConnell', 'Cara', '1-557-023-6754x', '02566 Lemuel Islands Apt. 456', '83219', 'South Mariano'),
(45, 'Dooley', 'Maggie', '1-107-338-7809x', '2157 Emmerich Avenue', '71927', 'Curtville'),
(46, 'Hand', 'Anahi', '09026874436', '178 Lind Overpass Suite 111', '64985', 'Chayashire'),
(47, 'Kerluke', 'Kelton', '567-941-5212x42', '8803 Waino Park Apt. 632', '17156', 'Loyaltown'),
(48, 'Halvorson', 'Johathan', '(746)112-8813x2', '387 Brown Forges Apt. 562', '84982', 'South Osborne'),
(49, 'Grady', 'Sarai', '953-519-4636x91', '62273 Wade Orchard Suite 173', '86645', 'South Johnniefort'),
(50, 'Krajcik', 'Rosario', '1-346-103-9073x', '046 Casper Dam Apt. 237', '56003', 'Gulgowskichester'),
(51, 'Funk', 'Kiel', '(475)899-9115x1', '6824 Keshaun Mountains Apt. 384', '21207', 'Luettgenshire'),
(52, 'Lemke', 'Franz', '1-113-019-4898', '555 Lind Mountain', '76058', 'Port Vernieburgh'),
(53, 'Dietrich', 'Gideon', '169.367.0251x31', '8809 Gaston Turnpike Suite 199', '15549', 'Haneshire'),
(54, 'Konopelski', 'Monty', '(643)924-4330x0', '58738 Schinner Cliff Apt. 946', '35452', 'Freidamouth'),
(55, 'Cremin', 'Freddie', '+26(7)331663273', '0452 Newton Knoll Suite 296', '54115', 'Helmerstad'),
(56, 'Jaskolski', 'Perry', '1-851-457-8595x', '216 Theresa Junctions Suite 281', '01736', 'Kundestad'),
(57, 'Barrows', 'Zola', '1-168-144-8022x', '537 Tracy Plaza Apt. 696', '32633', 'East Nikko'),
(58, 'Kozey', 'Rod', '(360)367-3135x5', '70510 Price Island Apt. 522', '55503', 'North Ronside'),
(59, 'Reichel', 'Quinton', '(728)160-4958', '3893 Koch Underpass', '74636', 'Gorczanyville'),
(60, 'Heathcote', 'Nico', '473-279-2601', '420 Swift Garden Suite 942', '84291', 'North Christianfort'),
(61, 'Douglas', 'Laurianne', '602.336.5745x96', '9754 Camden Squares', '76555', 'Adamston'),
(62, 'Grimes', 'Juvenal', '+54(8)857377913', '1230 Jaskolski Run Apt. 159', '48597', 'Katelynnton'),
(63, 'Franecki', 'Marjolaine', '(141)759-9478', '88209 Emmett Pass Apt. 552', '33402', 'North Merlin'),
(64, 'Bogan', 'Jackeline', '653-379-3952x38', '4241 Littel Knoll Suite 183', '16865', 'Hassiefort'),
(65, 'Reilly', 'Jeremy', '211-457-8178x02', '38247 Hand Pike', '58880', 'South Myrtis'),
(66, 'Satterfield', 'Ellie', '324.674.5042x20', '7792 Terry Stravenue Apt. 686', '09485', 'Sonyafort'),
(67, 'Flatley', 'Maria', '629-651-0899x70', '4989 Brown Lodge', '73738', 'New Annabelle'),
(68, 'Lang', 'Desiree', '1-114-256-4488x', '469 Reilly Creek Suite 048', '95632', 'Lake Lessie'),
(69, 'Brekke', 'Mack', '(671)814-7918x5', '300 Zora Run Apt. 108', '55979', 'New Dana'),
(70, 'Marquardt', 'Landen', '(851)504-7641', '360 Callie Common', '03740', 'Martinaport'),
(71, 'Wilderman', 'Nikita', '1-985-201-2868x', '43380 Barrows Keys', '98526', 'Port Katrinamouth'),
(72, 'Rodriguez', 'Alvina', '(779)217-3000x0', '125 Hermann Pine Suite 164', '74663', 'East Kelsie'),
(73, 'Herman', 'Lelia', '272.381.2306x79', '4803 Collins Hill', '52665', 'Laurynton'),
(74, 'Satterfield', 'Nola', '1-472-279-4226x', '7585 Gerhold Plaza', '54704', 'Beahanbury'),
(75, 'Volkman', 'Laurel', '211.650.0037', '908 Douglas Prairie', '95609', 'Lake Randy'),
(76, 'Kulas', 'Laura', '538-800-2720', '08576 Block Station', '93537', 'Lake Blakeborough'),
(77, 'Douglas', 'Vance', '544-153-9499x19', '8311 Alberta Circle', '32515', 'Goodwinshire'),
(78, 'Towne', 'Jazmyn', '(861)749-0878', '50172 Torp Brook Suite 089', '88775', 'Lake Rey'),
(79, 'Wiegand', 'Cleveland', '401-339-5256x43', '525 Robb Falls Apt. 505', '43650', 'Tressiefort'),
(80, 'ker', 'Rickie', '1-763-247-7675x', '61211 Denesik Pine Apt. 790', '23247', 'Lake Duncan'),
(81, 'Kuhn', 'Jennie', '09244092698', '919 Chester Camp', '54787', 'Lake Kyla'),
(82, 'Bernhard', 'Dagmar', '(194)620-6088', '00816 Torp Park Suite 664', '14354', 'Wittingview'),
(83, 'Stracke', 'Andre', '1-592-456-0716x', '2014 Ziemann Lakes', '18637', 'Cathrineport'),
(84, 'Braun', 'Araceli', '465.631.9611', '78645 Effertz Ville', '89630', 'Jalonburgh'),
(85, 'Schroeder', 'Ceasar', '790-302-7727x40', '23020 Satterfield Wells', '97808', 'Lake Griffin'),
(86, 'Bruen', 'Ora', '759-900-2064x07', '375 Schneider Pike', '25392', 'South Dasia'),
(87, 'Vandervort', 'Adrian', '212-759-6804', '82832 Alycia Islands', '60175', 'Schoenhaven'),
(88, 'Littel', 'Rosanna', '04720919744', '55130 Conn Tunnel Apt. 374', '99417', 'Jackystad'),
(89, 'West', 'Kristofer', '478.622.1173x73', '38187 Hyatt Locks', '16193', 'New Devantestad'),
(90, 'Roob', 'Patsy', '1-323-050-0421', '186 Mitchell Stravenue Apt. 395', '65606', 'Jackiechester'),
(91, 'Sporer', 'Sarina', '(182)895-6876', '23589 Fahey Spurs Suite 208', '08940', 'Feilport'),
(92, 'Zieme', 'Serenity', '+67(9)599873989', '0653 Rosenbaum Isle', '49480', 'Port Florencebury'),
(93, 'Denesik', 'Carmen', '(995)702-1627', '567 OHara Centers Suite 385', '25607', 'Littelview'),
(94, 'Stoltenberg', 'Norris', '1-479-607-5582x', '012 Jast Heights', '50351', 'Lake Norbertland'),
(95, 'Cronin', 'Trenton', '674-946-1092', '662 Quitzon Trace Apt. 454', '47637', 'Hicklemouth'),
(96, 'Bogisich', 'Earnestine', '733-975-9767', '567 Daugherty Islands Suite 874', '28860', 'West Dakotashire'),
(97, 'Wiegand', 'Jeanne', '(560)988-8380x3', '6238 Romaguera Tunnel Apt. 415', '92219', 'Bertatown'),
(98, 'Hettinger', 'Luis', '1-826-340-2216x', '5614 Shad Curve Apt. 707', '25010', 'Julienstad');

-- --------------------------------------------------------

--
-- Structure de la table `commande`
--

CREATE TABLE `commande` (
  `num_commande` varchar(15) NOT NULL,
  `id_client` int(11) NOT NULL,
  `date_commande` datetime NOT NULL
) ENGINE=InnoDB DEFAULT CHARSET=utf8mb4 COLLATE=utf8mb4_general_ci;

--
-- Déchargement des données de la table `commande`
--

INSERT INTO `commande` (`num_commande`, `id_client`, `date_commande`) VALUES
('BC102-26-6822', 80, '2020-02-16 10:28:47'),
('BC102-86-6211', 37, '2020-01-05 08:50:15'),
('BC106-03-5732', 78, '2020-02-03 00:35:27'),
('BC106-35-7537', 21, '2020-02-14 19:20:42'),
('BC107-81-9168', 24, '2020-03-01 03:23:10'),
('BC112-48-3627', 41, '2020-01-16 12:29:13'),
('BC118-02-0804', 39, '2019-12-30 00:32:57'),
('BC121-17-1698', 38, '2020-03-01 02:46:10'),
('BC125-38-4587', 90, '2019-12-24 23:33:56'),
('BC126-63-7418', 12, '2020-01-25 13:11:03'),
('BC129-68-8033', 78, '2020-01-01 16:33:20'),
('BC132-69-6672', 11, '2020-02-24 03:11:15'),
('BC134-56-3896', 42, '2019-12-15 21:44:15'),
('BC137-50-4565', 81, '2020-02-01 02:31:54'),
('BC138-08-0349', 47, '2020-02-04 20:03:42'),
('BC142-42-3880', 23, '2019-12-18 14:23:24'),
('BC145-38-9114', 68, '2020-01-04 23:41:51'),
('BC146-92-2647', 94, '2019-12-20 22:50:49'),
('BC147-31-3146', 33, '2020-02-19 18:59:28'),
('BC147-43-9356', 87, '2019-12-26 19:03:30'),
('BC149-55-0267', 33, '2020-01-20 01:50:57'),
('BC153-97-4093', 37, '2019-12-29 20:23:47'),
('BC155-87-5427', 8, '2020-02-13 14:43:55'),
('BC156-58-3220', 15, '2020-02-17 01:05:44'),
('BC158-09-6545', 98, '2020-02-01 05:02:16'),
('BC158-65-3989', 35, '2019-12-29 19:59:20'),
('BC158-84-5410', 70, '2020-02-01 11:53:21'),
('BC160-77-0917', 73, '2019-12-16 23:10:41'),
('BC163-81-7149', 53, '2020-01-12 11:48:14'),
('BC164-67-1102', 48, '2020-02-26 21:05:09'),
('BC165-35-7961', 65, '2020-01-08 15:55:18'),
('BC166-95-2786', 18, '2020-02-09 12:28:58'),
('BC167-67-0762', 94, '2020-02-07 22:35:14'),
('BC172-57-6810', 21, '2019-12-13 12:48:39'),
('BC174-11-9009', 16, '2020-01-11 14:25:44'),
('BC176-06-7906', 27, '2019-12-25 12:47:42'),
('BC179-76-2585', 73, '2020-01-30 14:07:38'),
('BC179-94-1542', 62, '2020-01-25 14:04:13'),
('BC180-66-9901', 39, '2020-01-19 14:07:41'),
('BC180-68-6314', 1, '2020-01-06 16:39:37'),
('BC181-20-9545', 8, '2019-12-17 08:48:01'),
('BC184-47-0680', 12, '2020-02-02 01:33:20'),
('BC188-39-9711', 88, '2020-02-24 12:09:55'),
('BC188-79-6739', 80, '2019-12-19 11:28:44'),
('BC189-19-5806', 71, '2020-01-12 06:26:37'),
('BC190-75-6401', 18, '2020-01-13 14:15:16'),
('BC191-22-8729', 42, '2019-12-29 13:26:56'),
('BC191-92-7216', 60, '2020-01-07 17:17:02'),
('BC192-10-7738', 42, '2019-12-29 14:40:14'),
('BC192-42-4065', 76, '2019-12-29 01:32:25'),
('BC194-05-7884', 66, '2020-01-15 13:45:42'),
('BC194-29-8983', 33, '2020-02-05 00:37:29'),
('BC197-63-3956', 21, '2020-01-24 02:43:13'),
('BC198-01-9621', 98, '2020-01-06 06:51:50'),
('BC198-20-6510', 3, '2020-02-21 08:29:45'),
('BC200-14-4513', 91, '2020-02-28 00:33:10'),
('BC203-13-6055', 35, '2020-01-27 22:05:55'),
('BC204-23-3954', 31, '2019-12-18 14:24:18'),
('BC208-73-6808', 2, '2020-01-10 01:18:17'),
('BC211-54-6874', 40, '2020-02-29 14:55:33'),
('BC212-22-5329', 77, '2020-02-04 16:10:30'),
('BC213-40-6068', 5, '2020-02-01 15:46:55'),
('BC215-09-4632', 98, '2019-12-28 06:38:09'),
('BC215-62-6233', 63, '2019-12-26 05:56:54'),
('BC215-64-8050', 64, '2019-12-23 09:39:45'),
('BC221-42-5599', 9, '2020-02-03 13:02:55'),
('BC221-96-7291', 26, '2020-01-15 00:51:39'),
('BC224-87-9821', 95, '2020-01-29 18:04:02'),
('BC225-93-4152', 78, '2020-02-10 17:43:14'),
('BC231-12-2539', 25, '2020-01-21 15:04:10'),
('BC232-45-0020', 31, '2020-01-22 11:38:29'),
('BC235-59-0241', 92, '2020-02-28 05:28:15'),
('BC235-86-7925', 78, '2020-02-09 10:54:30'),
('BC236-32-0865', 13, '2019-12-31 13:05:36'),
('BC236-81-3247', 40, '2020-01-30 13:30:14'),
('BC237-63-5708', 86, '2020-02-17 05:16:31'),
('BC240-87-1644', 7, '2019-12-26 09:10:46'),
('BC243-60-3076', 94, '2020-01-18 08:24:33'),
('BC244-19-1130', 76, '2019-12-17 21:00:10'),
('BC244-95-5186', 45, '2020-02-01 22:32:11'),
('BC248-30-9479', 41, '2020-02-09 03:18:36'),
('BC250-32-5682', 66, '2020-02-25 03:34:52'),
('BC251-31-7490', 21, '2020-02-29 07:02:36'),
('BC251-36-6251', 64, '2020-01-09 16:41:43'),
('BC253-10-1052', 29, '2020-02-15 20:50:23'),
('BC253-40-3618', 72, '2020-01-08 07:19:24'),
('BC254-91-4640', 59, '2020-02-13 06:48:20'),
('BC256-77-7592', 96, '2019-12-27 09:17:47'),
('BC257-09-8672', 42, '2020-01-10 22:28:16'),
('BC257-85-3422', 78, '2020-02-01 19:20:37'),
('BC265-27-5046', 24, '2020-02-10 01:00:42'),
('BC265-57-3545', 74, '2020-02-03 20:23:58'),
('BC267-30-4071', 15, '2020-01-05 18:14:47'),
('BC268-81-6545', 60, '2020-01-17 13:59:00'),
('BC268-85-1073', 17, '2020-01-04 17:22:42'),
('BC270-07-2798', 11, '2020-02-24 12:54:46'),
('BC270-43-6951', 12, '2020-03-02 15:21:41'),
('BC271-36-4875', 42, '2019-12-21 14:29:45'),
('BC272-07-4946', 36, '2020-01-06 19:34:47'),
('BC274-13-0168', 95, '2019-12-13 05:33:41'),
('BC274-74-4496', 33, '2020-02-21 13:36:18'),
('BC276-10-2886', 17, '2020-02-10 17:23:48'),
('BC277-03-6136', 91, '2020-02-05 18:22:23'),
('BC281-61-6336', 33, '2020-01-13 11:14:49'),
('BC283-13-5132', 56, '2020-01-05 07:46:15'),
('BC283-48-3276', 8, '2019-12-24 08:28:11'),
('BC285-14-9068', 10, '2020-01-15 22:24:17'),
('BC285-88-2950', 31, '2020-02-17 10:43:36'),
('BC286-87-0209', 14, '2020-03-02 00:46:14'),
('BC287-26-3804', 15, '2019-12-29 17:25:44'),
('BC293-44-4724', 45, '2020-02-16 05:06:48'),
('BC297-58-0665', 25, '2019-12-21 23:09:38'),
('BC298-84-5724', 27, '2020-01-28 00:57:23'),
('BC300-14-4426', 54, '2020-02-27 19:24:27'),
('BC302-10-0347', 55, '2020-03-01 16:31:17'),
('BC304-28-7935', 30, '2020-02-28 03:00:34'),
('BC306-25-0367', 36, '2020-01-14 06:58:40'),
('BC307-55-7216', 24, '2020-02-22 02:06:34'),
('BC310-70-5222', 15, '2020-02-11 04:04:50'),
('BC311-44-9399', 64, '2020-01-05 09:42:16'),
('BC311-98-1585', 76, '2020-02-20 06:55:53'),
('BC322-39-2387', 81, '2020-02-18 12:19:43'),
('BC330-19-1690', 40, '2020-01-22 23:28:39'),
('BC331-93-2150', 40, '2020-02-16 23:09:59'),
('BC333-48-1412', 50, '2020-01-05 18:45:19'),
('BC336-36-6379', 70, '2019-12-20 09:48:42'),
('BC338-80-1941', 3, '2020-02-05 07:45:37'),
('BC338-87-1065', 13, '2020-02-11 22:17:39'),
('BC340-55-9960', 91, '2019-12-22 20:40:45'),
('BC343-83-9596', 80, '2020-01-16 03:24:27'),
('BC346-19-4657', 1, '2020-02-09 21:51:05'),
('BC346-36-8326', 11, '2020-01-26 10:19:45'),
('BC347-56-5464', 85, '2020-02-24 23:12:09'),
('BC349-66-3997', 51, '2020-01-16 19:53:38'),
('BC350-84-3032', 27, '2020-01-07 02:44:53'),
('BC352-02-8209', 88, '2020-02-02 11:03:53'),
('BC352-18-2243', 85, '2019-12-29 20:27:55'),
('BC354-22-9824', 81, '2019-12-13 13:35:46'),
('BC354-56-0114', 95, '2019-12-26 06:24:27'),
('BC355-80-0178', 89, '2020-01-23 03:24:49'),
('BC360-17-5498', 25, '2020-02-14 09:10:05'),
('BC360-18-2438', 9, '2020-02-06 01:11:41'),
('BC363-59-1863', 51, '2020-01-17 04:40:56'),
('BC364-51-3018', 46, '2020-01-15 03:28:10'),
('BC367-21-7318', 16, '2020-02-15 21:35:02'),
('BC367-96-7122', 74, '2020-02-10 00:02:18'),
('BC371-95-1904', 90, '2020-01-14 14:38:33'),
('BC375-11-0749', 15, '2019-12-19 21:52:38'),
('BC381-70-6854', 26, '2020-01-15 09:21:06'),
('BC382-08-7366', 75, '2020-01-30 02:39:22'),
('BC384-36-1898', 37, '2019-12-16 03:30:47'),
('BC385-49-4060', 8, '2020-03-02 07:27:30'),
('BC386-61-4062', 96, '2020-01-28 03:27:47'),
('BC388-59-4638', 25, '2020-02-11 23:12:39'),
('BC389-59-0559', 46, '2020-01-26 01:29:25'),
('BC391-76-5657', 81, '2019-12-25 14:41:32'),
('BC393-25-8221', 46, '2019-12-28 09:11:33'),
('BC398-64-2259', 96, '2020-02-04 09:44:41'),
('BC399-64-9488', 84, '2020-02-11 04:33:43'),
('BC400-75-9752', 24, '2020-02-04 05:36:07'),
('BC402-21-9118', 13, '2019-12-23 02:32:12'),
('BC403-89-7056', 53, '2020-01-07 14:19:57'),
('BC407-20-4855', 90, '2020-02-18 04:54:27'),
('BC413-28-9048', 62, '2019-12-27 02:52:19'),
('BC415-82-0220', 89, '2020-01-02 14:16:41'),
('BC417-74-9929', 5, '2020-01-03 03:11:43'),
('BC418-72-6480', 68, '2020-01-22 14:38:08'),
('BC419-62-8806', 90, '2020-01-30 09:34:46'),
('BC419-64-0107', 69, '2020-02-29 12:03:33'),
('BC419-85-1508', 49, '2019-12-18 22:19:08'),
('BC423-24-8104', 35, '2019-12-16 23:10:22'),
('BC425-36-9069', 9, '2020-01-12 02:49:12'),
('BC433-50-5429', 85, '2020-01-10 04:24:38'),
('BC435-12-5725', 90, '2020-02-25 09:38:40'),
('BC435-83-1710', 3, '2020-02-10 08:39:10'),
('BC442-02-9018', 44, '2019-12-22 10:38:43'),
('BC445-65-2130', 87, '2020-01-08 23:30:05'),
('BC446-97-8347', 95, '2019-12-28 20:43:50'),
('BC447-85-1661', 33, '2020-01-09 21:34:56'),
('BC448-25-5073', 58, '2020-01-28 13:24:09'),
('BC450-65-4684', 59, '2020-01-23 00:37:27'),
('BC455-02-6761', 13, '2019-12-27 18:50:09'),
('BC458-85-1557', 68, '2020-02-25 10:27:40'),
('BC461-12-1711', 30, '2020-02-20 20:56:06'),
('BC461-15-1299', 40, '2020-02-14 08:56:01'),
('BC461-81-1776', 56, '2019-12-29 07:07:42'),
('BC464-14-4718', 91, '2020-02-28 15:34:06'),
('BC465-11-5160', 72, '2019-12-16 02:21:14'),
('BC467-82-7668', 51, '2020-02-18 14:27:24'),
('BC469-24-2354', 35, '2020-02-24 07:47:15'),
('BC473-38-1010', 37, '2020-01-05 23:55:18'),
('BC474-96-0082', 44, '2020-01-21 06:15:36'),
('BC475-40-7456', 70, '2020-03-02 23:27:38'),
('BC475-45-0626', 67, '2020-01-18 05:38:57'),
('BC475-84-9023', 83, '2020-02-07 16:30:53'),
('BC476-25-2305', 20, '2020-02-11 00:08:15'),
('BC478-74-1272', 4, '2020-02-18 23:47:28'),
('BC483-28-3267', 25, '2020-02-12 22:28:34'),
('BC484-58-3772', 72, '2020-01-07 22:30:38'),
('BC484-81-7643', 46, '2020-02-01 18:30:32'),
('BC486-65-3241', 75, '2020-01-19 10:30:07'),
('BC488-86-9011', 22, '2020-02-24 07:55:58'),
('BC489-72-4673', 22, '2020-01-29 07:02:41'),
('BC489-88-8356', 34, '2020-01-06 19:18:08'),
('BC492-51-4079', 54, '2020-02-05 14:51:49'),
('BC492-69-9710', 77, '2020-02-14 21:32:02'),
('BC495-05-5899', 90, '2019-12-28 13:54:35'),
('BC495-70-1144', 1, '2020-01-04 06:23:36'),
('BC495-83-9454', 56, '2019-12-29 13:04:18'),
('BC496-73-9031', 41, '2020-01-24 01:48:39'),
('BC497-30-3769', 2, '2020-02-15 19:10:53'),
('BC499-10-9463', 34, '2019-12-15 11:06:22'),
('BC500-67-9939', 22, '2020-01-24 15:04:44'),
('BC501-89-8750', 96, '2020-01-28 06:43:43'),
('BC502-14-7967', 42, '2020-01-05 17:21:18'),
('BC505-59-9850', 34, '2020-01-22 03:43:19'),
('BC507-31-9530', 23, '2020-02-09 19:20:11'),
('BC508-93-6222', 34, '2019-12-28 18:35:08'),
('BC514-38-1505', 29, '2020-02-15 06:47:47'),
('BC517-24-0863', 81, '2020-02-24 02:39:11'),
('BC521-83-7849', 93, '2020-01-05 21:17:11'),
('BC524-36-1174', 57, '2020-01-04 12:28:02'),
('BC525-36-8839', 48, '2019-12-19 14:23:04'),
('BC526-46-9224', 70, '2020-03-01 12:22:51'),
('BC526-60-1542', 28, '2020-01-17 22:50:20'),
('BC527-55-2114', 53, '2020-02-25 10:33:17'),
('BC527-76-1590', 78, '2020-02-03 14:31:29'),
('BC531-75-5354', 39, '2020-02-24 21:06:14'),
('BC532-92-7453', 28, '2020-01-17 06:21:37'),
('BC534-47-5303', 13, '2020-01-30 17:36:15'),
('BC537-74-5615', 66, '2019-12-18 07:30:58'),
('BC541-36-4342', 97, '2019-12-18 04:05:53'),
('BC541-52-5033', 33, '2020-01-13 22:25:35'),
('BC542-55-3397', 10, '2019-12-17 02:23:13'),
('BC543-68-5913', 3, '2020-02-07 00:09:16'),
('BC543-69-4600', 91, '2020-01-09 06:48:30'),
('BC545-88-6509', 83, '2020-01-05 14:39:07'),
('BC546-66-9350', 35, '2020-02-29 11:00:10'),
('BC548-62-4494', 96, '2019-12-24 11:44:33'),
('BC550-41-0335', 89, '2020-01-01 00:50:09'),
('BC556-54-8596', 23, '2020-02-15 03:39:07'),
('BC556-80-6584', 24, '2020-03-01 21:09:12'),
('BC556-96-0028', 70, '2020-01-16 19:51:46'),
('BC558-95-2307', 12, '2019-12-15 11:57:26'),
('BC559-47-2497', 88, '2019-12-24 07:45:28'),
('BC561-65-0588', 80, '2020-01-27 05:05:52'),
('BC562-51-2166', 57, '2020-03-01 23:11:20'),
('BC564-05-3887', 52, '2020-03-01 12:23:42'),
('BC564-68-6196', 93, '2020-02-28 10:07:01'),
('BC565-82-2762', 69, '2020-03-01 05:18:25'),
('BC567-93-4730', 73, '2020-01-02 15:14:39'),
('BC568-05-1817', 12, '2020-01-17 20:59:34'),
('BC568-94-7949', 18, '2020-01-04 02:31:35'),
('BC569-44-7698', 30, '2019-12-24 14:38:17'),
('BC570-86-0010', 29, '2020-02-15 12:20:48'),
('BC571-23-0403', 87, '2020-01-27 10:20:03'),
('BC572-15-3447', 52, '2020-02-12 04:00:23'),
('BC574-78-9256', 91, '2020-01-28 14:38:39'),
('BC577-42-1619', 78, '2020-02-17 00:53:32'),
('BC577-73-2549', 17, '2020-01-30 16:19:59'),
('BC581-94-5618', 65, '2020-02-22 04:03:34'),
('BC582-01-9829', 55, '2019-12-28 23:11:22'),
('BC582-73-4127', 82, '2019-12-22 03:34:29'),
('BC583-49-1765', 57, '2019-12-14 03:31:34'),
('BC587-20-6299', 57, '2020-01-19 17:22:28'),
('BC587-67-5670', 37, '2020-01-20 03:00:18'),
('BC589-15-3126', 39, '2020-01-14 20:15:37'),
('BC589-60-3364', 77, '2019-12-26 09:14:56'),
('BC590-21-4477', 1, '2019-12-30 13:34:08'),
('BC590-41-9086', 80, '2020-01-22 09:25:37'),
('BC590-77-8014', 31, '2019-12-14 11:35:51'),
('BC596-29-6236', 37, '2020-01-01 17:16:54'),
('BC596-77-4783', 30, '2020-01-15 22:45:58'),
('BC597-98-3247', 38, '2020-02-09 06:50:18'),
('BC599-37-0320', 83, '2019-12-18 16:09:32'),
('BC601-35-5197', 56, '2020-01-02 08:15:35'),
('BC601-93-9682', 61, '2020-01-26 14:54:52'),
('BC602-74-0313', 82, '2020-01-15 00:42:06'),
('BC603-81-6861', 28, '2020-02-21 18:56:45'),
('BC605-06-3230', 19, '2020-02-25 01:06:41'),
('BC607-18-2902', 82, '2020-01-03 21:19:59'),
('BC608-19-0863', 79, '2020-01-24 17:37:58'),
('BC608-82-0566', 80, '2020-02-09 12:47:03'),
('BC609-27-0434', 8, '2020-02-23 17:11:03'),
('BC612-38-4208', 54, '2020-02-01 04:40:03'),
('BC613-16-5564', 67, '2020-01-29 20:39:08'),
('BC618-05-1714', 90, '2020-02-05 20:21:22'),
('BC618-49-3917', 92, '2020-01-09 10:01:28'),
('BC618-81-9967', 20, '2020-01-18 04:21:16'),
('BC621-23-5531', 92, '2020-01-01 05:56:08'),
('BC622-76-2443', 8, '2020-01-12 19:00:06'),
('BC623-63-9565', 95, '2020-01-01 16:58:43'),
('BC624-77-5396', 69, '2020-01-04 04:03:35'),
('BC624-83-4231', 89, '2020-02-07 20:04:31'),
('BC624-95-7407', 44, '2019-12-31 04:27:59'),
('BC625-80-9082', 85, '2019-12-25 07:03:44'),
('BC626-97-7210', 4, '2020-02-26 10:15:07'),
('BC627-38-5220', 29, '2020-01-29 23:42:31'),
('BC629-71-2469', 42, '2020-02-26 07:55:17'),
('BC632-70-2965', 42, '2020-01-03 12:18:29'),
('BC632-79-7391', 5, '2020-02-23 18:11:40'),
('BC634-52-5588', 27, '2020-02-23 19:45:44'),
('BC636-51-6039', 84, '2020-01-22 04:51:15'),
('BC637-23-2491', 10, '2020-02-17 15:55:28'),
('BC638-03-3878', 74, '2019-12-20 05:08:31'),
('BC641-45-9469', 17, '2020-02-08 17:59:48'),
('BC645-28-7067', 81, '2019-12-24 18:47:50'),
('BC649-41-0928', 40, '2019-12-15 04:19:26'),
('BC649-97-3757', 85, '2019-12-21 18:57:04'),
('BC653-68-4942', 17, '2020-01-28 08:55:02'),
('BC654-25-9609', 28, '2020-01-27 14:54:42'),
('BC656-75-5289', 38, '2020-02-01 12:18:47'),
('BC657-91-0916', 79, '2020-01-05 03:04:09'),
('BC660-90-6483', 79, '2019-12-13 13:17:29'),
('BC661-67-1953', 12, '2019-12-28 00:05:19'),
('BC662-33-9226', 86, '2019-12-17 16:11:46'),
('BC668-99-1526', 72, '2020-02-20 12:37:49'),
('BC670-69-7937', 38, '2019-12-14 19:34:30'),
('BC672-99-5382', 92, '2020-01-15 02:40:15'),
('BC673-13-5176', 62, '2020-01-29 15:56:54'),
('BC680-70-9275', 40, '2020-02-21 22:01:05'),
('BC681-09-7775', 72, '2020-02-08 15:23:08'),
('BC681-21-4976', 98, '2020-01-24 02:22:44'),
('BC681-58-8592', 9, '2020-02-21 08:35:54'),
('BC685-50-5180', 57, '2020-01-22 19:19:08'),
('BC687-39-0536', 70, '2020-01-18 03:44:35'),
('BC689-13-7186', 20, '2020-01-13 07:55:52'),
('BC691-18-5412', 33, '2019-12-24 18:13:02'),
('BC693-18-7060', 32, '2020-01-16 01:34:57'),
('BC696-60-5149', 52, '2020-01-12 17:50:23'),
('BC697-81-9638', 53, '2020-02-01 15:53:59'),
('BC700-79-2906', 40, '2019-12-19 01:19:57'),
('BC702-66-5711', 93, '2020-02-09 21:25:03'),
('BC703-22-5035', 1, '2019-12-21 15:36:37'),
('BC703-27-0664', 53, '2020-02-03 13:20:24'),
('BC703-31-0280', 94, '2020-02-28 18:53:09'),
('BC704-13-4136', 43, '2019-12-14 01:23:43'),
('BC704-44-1825', 59, '2020-02-24 20:00:13'),
('BC710-20-0744', 89, '2020-01-16 17:24:42'),
('BC710-77-7741', 35, '2019-12-22 06:35:30'),
('BC715-52-9712', 15, '2020-01-12 09:27:24'),
('BC718-36-1330', 13, '2020-02-21 08:47:28'),
('BC720-44-5786', 20, '2020-01-15 09:10:53'),
('BC722-78-5703', 23, '2020-01-30 01:02:16'),
('BC727-49-0091', 68, '2019-12-16 17:02:05'),
('BC736-33-3443', 65, '2020-02-04 02:18:53'),
('BC737-04-3908', 72, '2020-01-31 09:33:45'),
('BC738-30-7615', 17, '2020-01-04 23:35:04'),
('BC738-75-1252', 10, '2020-01-02 15:07:19'),
('BC742-31-7837', 76, '2020-01-09 18:46:06'),
('BC743-03-8284', 48, '2020-01-28 00:44:47'),
('BC743-23-2516', 4, '2020-01-12 19:12:57'),
('BC743-41-3987', 96, '2019-12-15 17:02:44'),
('BC743-86-9325', 59, '2020-02-21 02:05:37'),
('BC747-51-7671', 85, '2020-01-14 20:41:13'),
('BC749-12-3310', 98, '2020-01-11 11:20:35'),
('BC750-29-1924', 76, '2020-01-19 20:43:52'),
('BC751-79-8753', 33, '2020-02-17 17:02:15'),
('BC753-63-1597', 98, '2020-02-22 15:00:50'),
('BC753-72-0968', 34, '2019-12-21 05:03:23'),
('BC753-73-6601', 82, '2019-12-30 07:50:06'),
('BC755-07-0944', 65, '2020-01-11 17:59:04'),
('BC760-39-0920', 48, '2019-12-21 23:01:43'),
('BC761-78-3730', 64, '2020-01-18 13:13:00'),
('BC762-07-8235', 7, '2019-12-20 01:37:56'),
('BC762-28-5256', 42, '2020-03-01 12:38:55'),
('BC767-46-6395', 44, '2020-01-05 11:08:33'),
('BC769-56-3309', 83, '2020-03-01 11:00:13'),
('BC771-52-0407', 54, '2020-01-14 20:53:03'),
('BC775-56-3753', 80, '2020-02-12 08:12:21'),
('BC780-78-5391', 67, '2020-01-20 04:18:51'),
('BC784-14-4516', 17, '2020-01-28 13:54:43'),
('BC784-37-0418', 67, '2020-02-03 08:11:08'),
('BC786-37-0830', 79, '2019-12-31 09:00:14'),
('BC786-57-3130', 76, '2020-01-18 09:27:11'),
('BC789-39-4626', 6, '2019-12-26 16:48:15'),
('BC796-73-6658', 50, '2020-01-16 20:57:16'),
('BC798-61-4899', 89, '2019-12-24 19:34:48'),
('BC801-08-4302', 53, '2020-02-23 23:13:38'),
('BC801-63-8571', 39, '2020-02-07 12:06:39'),
('BC804-54-0675', 23, '2020-02-21 01:33:50'),
('BC809-84-6697', 63, '2020-01-18 13:43:38'),
('BC811-20-0788', 77, '2019-12-30 11:23:01'),
('BC814-56-8269', 85, '2020-01-22 02:17:22'),
('BC814-78-1660', 48, '2020-01-09 02:39:37'),
('BC815-80-9167', 80, '2020-02-21 23:39:08'),
('BC816-09-3919', 6, '2020-01-16 10:30:32'),
('BC817-67-6838', 93, '2020-01-06 03:28:04'),
('BC818-18-9081', 73, '2020-02-25 23:56:19'),
('BC819-65-0041', 85, '2020-02-13 06:51:01'),
('BC820-66-1418', 36, '2020-02-03 06:52:30'),
('BC820-71-0080', 39, '2020-01-25 03:16:53'),
('BC824-77-3487', 67, '2020-03-01 16:48:30'),
('BC826-37-3332', 1, '2020-02-26 16:45:27'),
('BC828-53-9522', 9, '2020-02-07 05:12:43'),
('BC828-89-4237', 18, '2019-12-24 00:21:21'),
('BC830-30-2005', 29, '2020-02-02 04:30:15'),
('BC832-94-2122', 28, '2020-01-28 16:36:22'),
('BC833-13-0312', 76, '2020-02-15 17:20:37'),
('BC834-07-9621', 77, '2019-12-13 19:39:34'),
('BC834-21-5659', 77, '2020-02-09 08:49:04'),
('BC834-78-7608', 27, '2019-12-17 06:09:13'),
('BC835-01-2442', 75, '2020-01-07 11:18:19'),
('BC835-75-3804', 83, '2020-01-27 19:55:36'),
('BC836-10-6676', 21, '2019-12-23 06:03:03'),
('BC837-61-0218', 61, '2020-02-06 13:17:08'),
('BC846-71-4540', 73, '2020-01-15 20:03:21'),
('BC848-38-1902', 43, '2020-02-26 02:44:11'),
('BC850-18-3898', 6, '2020-02-21 11:23:37'),
('BC850-38-0383', 88, '2020-02-01 18:45:35'),
('BC855-45-3302', 1, '2020-02-25 14:05:57'),
('BC856-02-5885', 51, '2019-12-24 04:31:40'),
('BC856-09-2124', 14, '2020-02-15 15:32:15'),
('BC858-87-1732', 28, '2019-12-22 00:54:44'),
('BC862-10-4344', 76, '2020-03-02 17:28:14'),
('BC864-45-0164', 20, '2019-12-27 15:56:22'),
('BC866-63-2615', 93, '2020-01-14 05:16:18'),
('BC868-55-7239', 95, '2020-02-21 12:37:34'),
('BC869-93-5966', 6, '2020-01-02 11:02:22'),
('BC870-79-2719', 8, '2020-01-07 06:44:42'),
('BC870-88-6882', 14, '2020-02-24 20:02:48'),
('BC871-90-7039', 5, '2020-03-02 05:37:52'),
('BC871-93-2760', 75, '2019-12-28 13:13:49'),
('BC873-62-3025', 84, '2020-02-10 04:48:00'),
('BC874-71-1796', 83, '2020-01-01 14:26:48'),
('BC875-51-6220', 23, '2020-02-13 10:17:19'),
('BC876-89-3680', 22, '2020-01-25 12:21:02'),
('BC881-52-1103', 19, '2019-12-15 20:34:52'),
('BC882-60-8372', 44, '2020-02-11 18:00:19'),
('BC882-72-7660', 43, '2020-01-05 14:23:18'),
('BC883-68-4370', 49, '2020-02-21 04:47:10'),
('BC884-58-1975', 83, '2020-02-21 23:09:31'),
('BC884-93-1177', 68, '2019-12-25 18:59:16'),
('BC885-61-4087', 70, '2020-02-01 00:03:55'),
('BC886-72-9296', 62, '2020-02-07 23:09:24'),
('BC888-20-5328', 25, '2019-12-23 13:50:18'),
('BC892-10-2847', 44, '2020-02-05 14:18:25'),
('BC894-13-2908', 58, '2020-02-18 02:39:58'),
('BC899-23-6900', 81, '2020-01-29 12:17:10'),
('BC899-69-4241', 85, '2020-02-23 02:15:19');

-- --------------------------------------------------------

--
-- Structure de la table `couleur`
--

CREATE TABLE `couleur` (
  `id_couleur` tinyint(4) NOT NULL,
  `libelle` varchar(255) NOT NULL
) ENGINE=InnoDB DEFAULT CHARSET=utf8mb4 COLLATE=utf8mb4_general_ci;

--
-- Déchargement des données de la table `couleur`
--

INSERT INTO `couleur` (`id_couleur`, `libelle`) VALUES
(9, 'Argenté'),
(2, 'Blanc'),
(19, 'Blanc cassé'),
(12, 'Bleu'),
(18, 'Ecru'),
(7, 'Fuchsia'),
(3, 'Jaune'),
(15, 'Jaune orangé'),
(10, 'Lavandre'),
(14, 'Marron'),
(1, 'Noir'),
(8, 'Or'),
(4, 'Orange'),
(5, 'Rose'),
(6, 'Rouge'),
(17, 'Rouille'),
(13, 'Turquoise'),
(11, 'Vert'),
(16, 'Vert Clair'),
(20, 'Violet');

-- --------------------------------------------------------

--
-- Structure de la table `fleur`
--

CREATE TABLE `fleur` (
  `id_fleur` mediumint(9) NOT NULL,
  `id_variete` tinyint(4) NOT NULL,
  `id_couleur` tinyint(4) NOT NULL,
  `prix` decimal(5,2) DEFAULT NULL
) ENGINE=InnoDB DEFAULT CHARSET=utf8mb4 COLLATE=utf8mb4_general_ci;

--
-- Déchargement des données de la table `fleur`
--

INSERT INTO `fleur` (`id_fleur`, `id_variete`, `id_couleur`, `prix`) VALUES
(1, 1, 1, '12.50'),
(2, 1, 5, '12.50'),
(3, 1, 12, '12.50'),
(4, 2, 11, '12.50'),
(5, 3, 6, '12.50'),
(6, 4, 7, '12.50'),
(7, 4, 2, '12.50'),
(8, 5, 1, '12.50'),
(9, 6, 3, '12.50'),
(10, 6, 8, '12.50'),
(11, 7, 4, '12.50'),
(12, 7, 9, '12.50'),
(13, 7, 11, '12.50'),
(14, 8, 10, '12.50'),
(15, 8, 1, '12.50'),
(16, 9, 13, '12.50'),
(17, 10, 14, '12.50'),
(18, 10, 12, '12.50'),
(19, 10, 15, '12.50'),
(20, 11, 16, '12.50'),
(21, 11, 17, '12.50'),
(22, 11, 18, '12.50'),
(23, 11, 19, '12.50'),
(24, 12, 20, '12.50'),
(25, 12, 17, '12.50'),
(26, 13, 20, '12.50'),
(27, 13, 18, '12.50'),
(28, 13, 19, '12.50'),
(29, 13, 17, '12.50'),
(30, 14, 20, '12.50'),
(31, 14, 17, '12.50'),
(32, 4, 19, '12.50'),
(33, 4, 11, '12.50'),
(34, 1, 12, '12.50'),
(35, 1, 15, '12.50');

-- --------------------------------------------------------

--
-- Structure de la table `fournisseur`
--

CREATE TABLE `fournisseur` (
  `id_fournisseur` mediumint(9) NOT NULL,
  `raison_social` varchar(80) NOT NULL,
  `nom` varchar(80) DEFAULT NULL,
  `prenom` varchar(80) DEFAULT NULL,
  `telephone` varchar(15) DEFAULT NULL
) ENGINE=InnoDB DEFAULT CHARSET=utf8mb4 COLLATE=utf8mb4_general_ci;

--
-- Déchargement des données de la table `fournisseur`
--

INSERT INTO `fournisseur` (`id_fournisseur`, `raison_social`, `nom`, `prenom`, `telephone`) VALUES
(1, 'Flower Corps', NULL, NULL, NULL),
(2, 'Super Fleurs', NULL, 'Florine', '0243257885'),
(3, '123 fleurs', NULL, NULL, NULL),
(4, 'Fleurs du 72', NULL, NULL, NULL),
(5, 'SARL Jean Dupont', 'Dupont', 'Jean', '0243257588'),
(6, 'Fleurs dIci', NULL, 'Chloe', NULL);

-- --------------------------------------------------------

--
-- Structure de la table `fournisseur_fleur`
--

CREATE TABLE `fournisseur_fleur` (
  `id_fleur` mediumint(9) NOT NULL,
  `id_fournisseur` mediumint(9) NOT NULL,
  `stock` smallint(6) DEFAULT NULL
) ENGINE=InnoDB DEFAULT CHARSET=utf8mb4 COLLATE=utf8mb4_general_ci;

--
-- Déchargement des données de la table `fournisseur_fleur`
--

INSERT INTO `fournisseur_fleur` (`id_fleur`, `id_fournisseur`, `stock`) VALUES
(3, 1, 12),
(8, 1, 20),
(9, 1, 40),
(13, 1, 40),
(17, 1, 60),
(18, 1, 60),
(21, 1, 20),
(22, 1, 20),
(24, 1, 18),
(27, 1, 70),
(33, 1, 10),
(34, 1, 10),
(6, 2, 2),
(7, 2, 20),
(14, 2, 37),
(16, 2, 80),
(29, 2, 22),
(32, 2, 22),
(35, 2, 10),
(1, 3, 21),
(4, 3, 20),
(15, 3, 35),
(19, 3, 60),
(31, 3, 22),
(5, 4, 20),
(18, 4, 70),
(20, 4, 60),
(30, 4, 22),
(2, 5, 120),
(10, 5, 40),
(23, 5, 20),
(26, 5, 70),
(1, 6, 50),
(7, 6, 23),
(11, 6, 20),
(12, 6, 20),
(25, 6, 18),
(26, 6, 18),
(27, 6, 18),
(28, 6, 20),
(34, 6, 70);

-- --------------------------------------------------------

--
-- Structure de la table `ligne_commande`
--

CREATE TABLE `ligne_commande` (
  `num_commande` varchar(15) NOT NULL,
  `id_fleur` mediumint(9) NOT NULL,
  `date_livraison` datetime NOT NULL,
  `adresse_livraison` varchar(255) NOT NULL
) ENGINE=InnoDB DEFAULT CHARSET=utf8mb4 COLLATE=utf8mb4_general_ci;

--
-- Déchargement des données de la table `ligne_commande`
--

INSERT INTO `ligne_commande` (`num_commande`, `id_fleur`, `date_livraison`, `adresse_livraison`) VALUES
('BC102-26-6822', 12, '2020-02-12 14:39:34', '7 Walton Junction'),
('BC102-86-6211', 16, '2020-02-06 20:06:57', '64 Talmadge Pass'),
('BC106-03-5732', 1, '2020-01-07 09:06:35', '6 Ridge Oak Avenue'),
('BC106-35-7537', 13, '2020-01-22 08:30:25', '6 Meadow Valley Lane'),
('BC107-81-9168', 28, '2020-02-13 21:07:26', '6538 Brown Crossing'),
('BC112-48-3627', 20, '2020-01-10 17:14:27', '1636 Hansons Plaza'),
('BC118-02-0804', 10, '2020-01-11 04:06:33', '24 Bellgrove Crossing'),
('BC121-17-1698', 13, '2020-01-02 14:49:51', '892 Mandrake Hill'),
('BC125-38-4587', 3, '2020-03-04 07:45:04', '7 Derek Place'),
('BC126-63-7418', 6, '2020-01-02 19:09:53', '63966 Elgar Junction'),
('BC129-68-8033', 25, '2020-02-08 22:15:36', '43 6th Avenue'),
('BC132-69-6672', 35, '2020-03-13 06:12:34', '047 Larry Center'),
('BC134-56-3896', 35, '2020-01-01 10:28:26', '7 Steensland Hill'),
('BC137-50-4565', 29, '2020-02-05 13:51:23', '53444 Manufacturers Way'),
('BC138-08-0349', 33, '2019-12-16 06:43:57', '22009 Comanche Lane'),
('BC142-42-3880', 32, '2019-12-20 02:39:13', '10 Coolidge Lane'),
('BC145-38-9114', 22, '2020-02-15 12:25:06', '53 Johnson Junction'),
('BC146-92-2647', 11, '2020-03-09 20:18:20', '2593 Hanson Hill'),
('BC147-31-3146', 19, '2019-12-27 20:48:07', '6225 Westridge Place'),
('BC147-43-9356', 33, '2020-02-11 09:09:23', '8 Red Cloud Street'),
('BC149-55-0267', 5, '2020-01-04 08:08:05', '08 Union Place'),
('BC153-97-4093', 19, '2020-01-06 12:23:37', '0166 Helena Plaza'),
('BC155-87-5427', 15, '2020-03-05 05:37:19', '4354 Oak Valley Circle'),
('BC156-58-3220', 32, '2020-02-25 18:34:52', '03 Briar Crest Trail'),
('BC158-09-6545', 16, '2020-03-07 09:58:16', '4 Daystar Junction'),
('BC158-65-3989', 33, '2019-12-22 11:04:28', '5 Ridgeview Junction'),
('BC158-84-5410', 18, '2020-02-03 12:02:45', '60280 Autumn Leaf Court'),
('BC160-77-0917', 8, '2020-01-11 21:34:57', '44746 Forest Run Alley'),
('BC163-81-7149', 10, '2019-12-28 03:18:31', '7 Amoth Hill'),
('BC164-67-1102', 1, '2019-12-25 21:45:22', '2670 Goodland Street'),
('BC165-35-7961', 24, '2020-03-10 09:50:01', '77 Bunting Circle'),
('BC166-95-2786', 5, '2020-02-02 20:12:27', '2 South Hill'),
('BC167-67-0762', 26, '2020-02-21 13:36:29', '3 Anderson Parkway'),
('BC172-57-6810', 26, '2020-02-24 04:34:47', '0221 4th Trail'),
('BC174-11-9009', 2, '2020-02-24 15:22:42', '256 Arapahoe Parkway'),
('BC176-06-7906', 22, '2020-03-13 21:51:48', '7 Mallard Plaza'),
('BC179-76-2585', 25, '2020-02-06 21:22:46', '20 Cambridge Street'),
('BC179-94-1542', 32, '2020-02-07 01:01:53', '93132 Milwaukee Terrace'),
('BC180-66-9901', 22, '2020-02-06 23:40:47', '732 Clemons Parkway'),
('BC180-68-6314', 34, '2020-01-04 06:29:38', '3 Schiller Trail'),
('BC181-20-9545', 5, '2020-01-30 21:12:21', '7 Maple Wood Place'),
('BC184-47-0680', 33, '2019-12-19 03:56:27', '8 Memorial Place'),
('BC188-39-9711', 25, '2020-01-01 01:59:35', '94 Stang Place'),
('BC188-79-6739', 7, '2019-12-22 22:19:27', '97505 Tennyson Parkway'),
('BC189-19-5806', 13, '2019-12-29 03:43:11', '5 Prentice Alley'),
('BC190-75-6401', 21, '2019-12-20 00:18:59', '38495 Bultman Alley'),
('BC191-22-8729', 7, '2019-12-24 00:11:40', '08639 Arrowood Place'),
('BC191-92-7216', 20, '2020-02-11 18:20:16', '227 Brentwood Place'),
('BC192-10-7738', 4, '2019-12-23 23:16:20', '46 Blue Bill Park Drive'),
('BC192-42-4065', 21, '2020-03-08 12:54:30', '2328 Clyde Gallagher Point'),
('BC194-05-7884', 34, '2020-02-02 08:45:39', '9275 Leroy Crossing'),
('BC194-29-8983', 24, '2020-01-01 15:41:25', '746 Maryland Trail'),
('BC197-63-3956', 4, '2020-01-04 02:01:07', '97097 Cherokee Plaza'),
('BC198-01-9621', 29, '2020-01-16 11:57:08', '40 Packers Circle'),
('BC198-20-6510', 30, '2019-12-20 09:48:42', '1 Summerview Point'),
('BC200-14-4513', 10, '2020-02-24 20:12:22', '683 Declaration Court'),
('BC203-13-6055', 24, '2020-02-27 19:19:40', '3684 Bayside Parkway'),
('BC204-23-3954', 19, '2020-02-11 19:43:45', '89 Mcguire Place'),
('BC208-73-6808', 17, '2020-02-24 21:26:01', '439 Westend Point'),
('BC211-54-6874', 27, '2020-03-05 06:23:11', '848 Melvin Alley'),
('BC212-22-5329', 15, '2020-02-13 17:50:16', '4 5th Drive'),
('BC213-40-6068', 27, '2020-03-01 10:07:57', '2 Hagan Park'),
('BC215-09-4632', 27, '2020-01-29 07:02:53', '2 Glendale Place'),
('BC215-62-6233', 4, '2020-01-16 16:39:19', '04 Lukken Hill'),
('BC215-64-8050', 2, '2020-01-15 07:08:50', '318 Basil Point'),
('BC221-42-5599', 33, '2020-02-13 08:02:18', '21109 Clemons Pass'),
('BC221-96-7291', 34, '2020-02-01 16:36:01', '506 Larry Avenue'),
('BC224-87-9821', 18, '2020-01-25 02:31:49', '66 Almo Place'),
('BC225-93-4152', 26, '2020-02-05 15:08:36', '446 Nova Center'),
('BC231-12-2539', 10, '2020-03-01 10:37:22', '41 Mcguire Drive'),
('BC232-45-0020', 20, '2019-12-29 12:38:10', '071 Tennessee Point'),
('BC235-59-0241', 15, '2020-01-24 22:28:05', '2281 Dovetail Hill'),
('BC235-86-7925', 32, '2020-01-25 17:07:28', '8487 Drewry Crossing'),
('BC236-32-0865', 28, '2019-12-24 20:37:53', '0046 Arrowood Pass'),
('BC236-81-3247', 20, '2020-01-23 09:54:05', '95 Hoffman Drive'),
('BC237-63-5708', 12, '2020-02-05 04:04:45', '37 Waywood Lane'),
('BC240-87-1644', 23, '2020-02-13 20:07:11', '8571 Petterle Court'),
('BC243-60-3076', 10, '2020-03-09 00:49:19', '092 Warrior Junction'),
('BC244-19-1130', 24, '2019-12-31 14:20:46', '3133 Lakeland Terrace'),
('BC244-19-1130', 25, '2020-03-10 22:59:09', '8440 Blaine Circle'),
('BC244-95-5186', 19, '2019-12-30 10:54:45', '5303 Thackeray Junction'),
('BC248-30-9479', 8, '2020-03-07 19:06:13', '2 Redwing Trail'),
('BC250-32-5682', 28, '2020-01-15 05:22:22', '3 Homewood Center'),
('BC251-31-7490', 26, '2020-01-15 22:45:48', '10 Laurel Center'),
('BC251-36-6251', 32, '2020-01-24 07:20:09', '68 Paget Parkway'),
('BC253-10-1052', 7, '2019-12-21 15:46:00', '8156 Coolidge Place'),
('BC253-40-3618', 21, '2020-03-12 13:53:54', '29 Pearson Crossing'),
('BC254-91-4640', 14, '2020-03-13 11:15:03', '00 Twin Pines Center'),
('BC256-77-7592', 31, '2020-02-02 09:20:11', '295 Cherokee Pass'),
('BC257-09-8672', 12, '2020-03-10 19:12:27', '23 Spaight Center'),
('BC257-85-3422', 10, '2020-01-16 16:48:24', '15 Drewry Lane'),
('BC265-27-5046', 3, '2020-01-20 11:45:35', '849 Rutledge Terrace'),
('BC265-57-3545', 15, '2020-01-27 15:38:56', '2588 Portage Point'),
('BC265-57-3545', 21, '2020-02-24 06:21:06', '09415 Heffernan Place'),
('BC267-30-4071', 19, '2020-01-09 14:44:06', '006 Schiller Way'),
('BC268-85-1073', 33, '2019-12-17 13:01:28', '60099 Moulton Plaza'),
('BC270-07-2798', 30, '2020-02-06 21:19:33', '02499 Monument Trail'),
('BC270-43-6951', 24, '2020-03-08 22:38:22', '69 Tony Parkway'),
('BC271-36-4875', 17, '2020-01-02 08:24:40', '07550 Rockefeller Court'),
('BC272-07-4946', 7, '2020-02-06 04:25:50', '4545 Summer Ridge Junction'),
('BC274-13-0168', 27, '2020-02-20 05:47:07', '712 Westridge Park'),
('BC274-13-0168', 34, '2020-01-13 22:35:58', '0705 Kensington Point'),
('BC274-74-4496', 14, '2019-12-24 22:39:25', '4 Texas Drive'),
('BC277-03-6136', 29, '2019-12-23 07:46:26', '458 Oak Court'),
('BC281-61-6336', 9, '2020-02-27 05:36:02', '9 Esker Park'),
('BC283-13-5132', 11, '2020-01-01 00:19:11', '207 Shasta Drive'),
('BC283-48-3276', 30, '2020-01-12 14:55:14', '2202 Kings Court'),
('BC285-14-9068', 11, '2019-12-31 22:16:19', '820 Daystar Place'),
('BC285-88-2950', 21, '2020-01-23 10:26:13', '857 Doe Crossing Crossing'),
('BC286-87-0209', 4, '2020-01-16 09:23:07', '3308 Crest Line Plaza'),
('BC287-26-3804', 5, '2020-01-20 01:48:11', '7719 High Crossing Plaza'),
('BC287-26-3804', 25, '2020-01-23 17:35:21', '2817 Carpenter Circle'),
('BC293-44-4724', 13, '2020-03-06 17:10:29', '13572 Steensland Junction'),
('BC297-58-0665', 15, '2020-03-03 13:48:42', '232 7th Lane'),
('BC298-84-5724', 31, '2019-12-18 02:25:40', '279 Mitchell Junction'),
('BC300-14-4426', 6, '2020-01-03 15:17:46', '5018 Tony Crossing'),
('BC302-10-0347', 9, '2020-01-14 04:22:07', '534 American Street'),
('BC306-25-0367', 15, '2020-01-27 07:24:45', '1221 Glacier Hill Center'),
('BC306-25-0367', 21, '2020-02-11 20:19:38', '37 Badeau Drive'),
('BC307-55-7216', 18, '2020-03-13 22:09:40', '8 Jana Pass'),
('BC310-70-5222', 25, '2020-03-13 08:03:15', '2984 Warbler Avenue'),
('BC311-44-9399', 3, '2020-02-15 18:54:51', '7 Rockefeller Trail'),
('BC311-98-1585', 10, '2020-01-25 01:14:42', '129 Waxwing Drive'),
('BC322-39-2387', 35, '2020-02-29 23:53:33', '26641 Fulton Center'),
('BC330-19-1690', 32, '2020-02-20 05:45:05', '9 Alpine Place'),
('BC331-93-2150', 32, '2020-03-03 00:56:29', '0696 Jana Drive'),
('BC333-48-1412', 20, '2020-02-23 03:30:15', '23 Claremont Parkway'),
('BC336-36-6379', 29, '2020-01-24 07:09:17', '9 Duke Hill'),
('BC338-80-1941', 33, '2019-12-19 03:40:18', '2 Gulseth Crossing'),
('BC338-87-1065', 21, '2020-03-11 20:54:35', '75 Dayton Avenue'),
('BC338-87-1065', 29, '2020-03-05 16:41:39', '75808 Armistice Plaza'),
('BC340-55-9960', 12, '2019-12-17 19:28:36', '46651 Longview Parkway'),
('BC343-83-9596', 16, '2019-12-17 04:01:34', '3 Dennis Drive'),
('BC346-19-4657', 1, '2020-02-24 17:29:26', '15858 Kenwood Pass'),
('BC346-36-8326', 22, '2020-01-25 11:22:59', '2189 Schurz Place'),
('BC347-56-5464', 27, '2020-01-15 02:36:30', '06 Old Gate Avenue'),
('BC349-66-3997', 18, '2020-01-09 13:34:59', '8529 6th Parkway'),
('BC350-84-3032', 33, '2020-02-29 21:16:41', '8 Bonner Terrace'),
('BC352-02-8209', 16, '2019-12-23 08:50:08', '88001 Prentice Plaza'),
('BC352-18-2243', 29, '2020-02-26 20:09:27', '93 Portage Court'),
('BC354-22-9824', 2, '2019-12-25 23:11:19', '90 Crownhardt Pass'),
('BC354-56-0114', 12, '2020-01-22 18:45:20', '059 Haas Road'),
('BC355-80-0178', 7, '2020-03-11 11:46:07', '35 Atwood Plaza'),
('BC360-17-5498', 19, '2020-03-08 20:11:50', '883 Novick Alley'),
('BC360-17-5498', 31, '2020-02-02 17:17:34', '33 Mifflin Street'),
('BC360-18-2438', 15, '2020-02-14 18:13:46', '329 Lyons Place'),
('BC363-59-1863', 30, '2019-12-18 23:17:45', '8 Grim Point'),
('BC364-51-3018', 3, '2020-02-17 03:06:21', '7 Melby Lane'),
('BC367-21-7318', 25, '2020-01-27 14:48:59', '61420 Amoth Avenue'),
('BC367-96-7122', 4, '2020-02-10 10:43:47', '8 Novick Lane'),
('BC371-95-1904', 6, '2020-02-05 08:25:56', '837 Gateway Street'),
('BC371-95-1904', 8, '2020-02-19 06:10:36', '9 Petterle Parkway'),
('BC375-11-0749', 10, '2020-02-22 02:30:30', '15886 Old Shore Parkway'),
('BC375-11-0749', 35, '2020-01-24 01:04:12', '589 Erie Parkway'),
('BC381-70-6854', 1, '2020-03-03 08:01:18', '435 Westend Junction'),
('BC381-70-6854', 16, '2020-02-23 00:44:17', '4 Warbler Crossing'),
('BC382-08-7366', 29, '2020-02-15 16:32:27', '81346 Pawling Lane'),
('BC384-36-1898', 18, '2019-12-19 09:03:52', '1422 Namekagon Hill'),
('BC385-49-4060', 22, '2020-02-21 12:26:12', '053 Sugar Plaza'),
('BC386-61-4062', 28, '2020-03-06 12:05:28', '7873 6th Terrace'),
('BC388-59-4638', 32, '2020-01-22 02:27:43', '9 Calypso Lane'),
('BC389-59-0559', 32, '2020-03-13 12:32:27', '580 Summerview Road'),
('BC391-76-5657', 31, '2019-12-23 01:47:00', '65 Monica Court'),
('BC393-25-8221', 27, '2019-12-27 20:19:56', '5 Fairview Trail'),
('BC398-64-2259', 23, '2020-02-17 17:56:42', '93617 Hudson Drive'),
('BC399-64-9488', 18, '2020-01-01 09:10:32', '85970 Gale Street'),
('BC400-75-9752', 29, '2020-01-26 00:58:34', '381 Arapahoe Court'),
('BC402-21-9118', 2, '2020-02-29 06:14:28', '06107 Pleasure Road'),
('BC403-89-7056', 5, '2020-02-09 11:59:52', '12018 Debs Way'),
('BC407-20-4855', 18, '2020-01-07 15:54:35', '08 Basil Parkway'),
('BC413-28-9048', 8, '2020-02-09 01:06:12', '78 Ilene Hill'),
('BC415-82-0220', 32, '2020-03-06 03:18:57', '2 Dunning Street'),
('BC417-74-9929', 19, '2020-02-20 01:24:19', '1764 Dahle Point'),
('BC418-72-6480', 5, '2019-12-27 21:42:28', '2 Erie Street'),
('BC419-62-8806', 26, '2020-02-22 08:37:31', '44 Colorado Junction'),
('BC419-64-0107', 18, '2020-01-07 03:49:46', '0 Becker Avenue'),
('BC419-85-1508', 33, '2020-01-16 10:06:09', '99 Doe Crossing Lane'),
('BC423-24-8104', 6, '2020-01-09 05:56:07', '85 Pankratz Hill'),
('BC425-36-9069', 35, '2020-02-11 02:21:08', '9577 Buhler Terrace'),
('BC433-50-5429', 12, '2019-12-29 10:34:40', '88 Sherman Street'),
('BC435-12-5725', 6, '2020-02-08 09:43:02', '94659 Warrior Plaza'),
('BC435-83-1710', 29, '2020-02-24 03:05:49', '47 Carey Junction'),
('BC442-02-9018', 20, '2019-12-18 02:06:41', '26889 Jackson Point'),
('BC445-65-2130', 5, '2020-03-13 04:14:55', '9 Jay Lane'),
('BC446-97-8347', 13, '2020-03-09 13:13:14', '75 Fairview Court'),
('BC447-85-1661', 2, '2020-01-28 03:56:20', '140 Wayridge Court'),
('BC448-25-5073', 16, '2019-12-20 01:47:25', '4349 Gale Circle'),
('BC450-65-4684', 24, '2020-01-02 13:51:31', '0 Leroy Hill'),
('BC455-02-6761', 3, '2019-12-19 09:46:37', '41881 Eastwood Parkway'),
('BC455-02-6761', 8, '2020-01-20 00:50:34', '52470 Goodland Crossing'),
('BC458-85-1557', 28, '2020-03-09 01:32:38', '67 7th Avenue'),
('BC461-12-1711', 16, '2020-01-04 06:16:03', '313 Lotheville Hill'),
('BC461-15-1299', 9, '2020-03-11 14:41:47', '39 Carberry Center'),
('BC461-81-1776', 9, '2020-01-29 13:05:52', '782 Knutson Parkway'),
('BC464-14-4718', 29, '2020-01-31 05:58:57', '060 Spohn Plaza'),
('BC464-14-4718', 33, '2019-12-27 09:27:03', '026 Maywood Point'),
('BC465-11-5160', 16, '2020-01-27 12:05:48', '6 Northfield Terrace'),
('BC467-82-7668', 7, '2020-01-28 09:16:07', '1696 Golf Pass'),
('BC469-24-2354', 26, '2020-02-14 14:14:46', '522 Elmside Terrace'),
('BC473-38-1010', 26, '2020-01-27 20:55:02', '45181 Westerfield Crossing'),
('BC474-96-0082', 25, '2020-02-09 23:57:00', '6 Division Lane'),
('BC475-40-7456', 24, '2019-12-28 20:06:44', '75865 Bonner Avenue'),
('BC475-45-0626', 5, '2020-02-20 17:20:00', '053 Bellgrove Road'),
('BC475-84-9023', 9, '2020-01-20 16:11:11', '6959 Kenwood Hill'),
('BC476-25-2305', 7, '2020-01-20 11:00:53', '40 Sugar Road'),
('BC478-74-1272', 17, '2020-03-03 00:22:21', '619 Warner Circle'),
('BC483-28-3267', 16, '2020-01-16 12:26:22', '40436 Saint Paul Park'),
('BC484-58-3772', 28, '2020-01-29 00:13:00', '7190 Karstens Junction'),
('BC484-81-7643', 31, '2020-01-24 08:55:15', '824 Bayside Crossing'),
('BC486-65-3241', 3, '2020-01-08 14:58:12', '67 Canary Court'),
('BC488-86-9011', 15, '2020-01-11 11:35:44', '19 Butternut Junction'),
('BC489-72-4673', 20, '2020-01-02 21:47:45', '18 Jenifer Junction'),
('BC489-88-8356', 13, '2020-02-12 03:06:08', '639 Almo Crossing'),
('BC492-51-4079', 25, '2020-01-26 09:58:57', '4240 Westerfield Lane'),
('BC492-69-9710', 24, '2020-01-13 20:57:54', '41 Hagan Circle'),
('BC495-05-5899', 1, '2020-02-29 13:05:04', '97 Prairieview Avenue'),
('BC495-70-1144', 9, '2020-01-20 15:10:33', '3 Bobwhite Way'),
('BC495-83-9454', 21, '2020-03-10 15:49:01', '197 Darwin Circle'),
('BC496-73-9031', 15, '2020-01-17 18:30:42', '98351 Iowa Parkway'),
('BC496-73-9031', 31, '2020-02-11 07:11:52', '5 Dennis Alley'),
('BC497-30-3769', 5, '2020-01-13 19:49:06', '028 Ilene Plaza'),
('BC499-10-9463', 17, '2019-12-31 19:05:11', '067 Hanover Way'),
('BC500-67-9939', 3, '2019-12-26 11:11:07', '2 Arrowood Point'),
('BC501-89-8750', 29, '2019-12-31 06:23:54', '36 Starling Hill'),
('BC502-14-7967', 26, '2020-03-08 12:02:41', '081 Nobel Alley'),
('BC505-59-9850', 35, '2020-02-15 06:41:30', '78278 Clove Trail'),
('BC507-31-9530', 14, '2020-03-04 10:22:36', '97839 Pearson Plaza'),
('BC508-93-6222', 5, '2019-12-21 03:03:49', '1 Shelley Center'),
('BC508-93-6222', 30, '2019-12-27 19:41:03', '58702 Ramsey Drive'),
('BC514-38-1505', 31, '2020-02-08 13:30:25', '9 Clarendon Circle'),
('BC517-24-0863', 3, '2020-02-26 12:37:26', '63 Bluejay Crossing'),
('BC521-83-7849', 14, '2020-03-10 00:39:13', '75526 Banding Road'),
('BC524-36-1174', 23, '2020-02-04 12:01:54', '21 Claremont Hill'),
('BC525-36-8839', 15, '2020-01-27 04:01:09', '3682 Forster Crossing'),
('BC526-46-9224', 20, '2020-02-06 06:43:44', '90 Elgar Lane'),
('BC526-60-1542', 1, '2020-02-04 00:40:30', '7 Porter Parkway'),
('BC527-55-2114', 4, '2019-12-23 11:37:28', '16805 Harper Pass'),
('BC527-76-1590', 7, '2020-02-03 05:36:50', '20 Sunnyside Parkway'),
('BC531-75-5354', 2, '2020-02-03 10:33:32', '08227 Reinke Drive'),
('BC531-75-5354', 11, '2020-01-01 10:48:00', '05107 Parkside Alley'),
('BC531-75-5354', 18, '2020-03-02 13:18:06', '304 Dwight Avenue'),
('BC532-92-7453', 3, '2020-01-24 14:23:10', '19678 Blackbird Park'),
('BC534-47-5303', 13, '2020-01-20 12:26:12', '54558 Rigney Street'),
('BC537-74-5615', 4, '2019-12-22 18:07:04', '18 Weeping Birch Court'),
('BC541-36-4342', 9, '2020-03-09 16:12:50', '3 Northfield Point'),
('BC541-52-5033', 2, '2019-12-18 01:37:26', '43 Springview Crossing'),
('BC542-55-3397', 23, '2020-03-07 19:25:52', '861 Colorado Parkway'),
('BC543-68-5913', 20, '2020-01-13 16:58:53', '4 Vidon Plaza'),
('BC543-69-4600', 23, '2020-03-12 13:30:45', '6548 Porter Junction'),
('BC545-88-6509', 26, '2020-01-16 12:33:39', '15329 John Wall Lane'),
('BC546-66-9350', 11, '2020-02-18 00:08:26', '0 Tennessee Drive'),
('BC548-62-4494', 9, '2020-02-24 00:33:54', '2086 Meadow Ridge Center'),
('BC550-41-0335', 11, '2020-02-16 23:37:38', '4962 Gateway Terrace'),
('BC550-41-0335', 22, '2020-03-12 09:46:57', '704 American Ash Junction'),
('BC550-41-0335', 24, '2020-02-06 04:32:03', '1 Sachs Alley'),
('BC556-54-8596', 19, '2020-01-29 20:09:24', '755 Cascade Street'),
('BC556-80-6584', 22, '2020-01-08 01:47:26', '7412 Pond Plaza'),
('BC556-96-0028', 1, '2020-01-17 02:28:26', '558 Hansons Pass'),
('BC556-96-0028', 33, '2020-01-27 02:12:24', '0096 Heffernan Point'),
('BC558-95-2307', 29, '2020-02-23 18:51:22', '1968 Esker Crossing'),
('BC559-47-2497', 1, '2020-02-28 11:59:58', '6 Cambridge Circle'),
('BC561-65-0588', 2, '2020-03-04 21:35:16', '31197 Hoard Alley'),
('BC562-51-2166', 18, '2020-03-08 12:02:35', '81 David Hill'),
('BC564-05-3887', 17, '2020-01-16 06:04:48', '137 Golf View Road'),
('BC564-68-6196', 10, '2020-01-25 14:19:11', '5074 Helena Road'),
('BC564-68-6196', 29, '2020-01-06 09:27:04', '16383 Melody Center'),
('BC565-82-2762', 8, '2020-02-12 11:10:16', '0 Shopko Way'),
('BC567-93-4730', 18, '2020-03-10 18:01:52', '20672 Anniversary Alley'),
('BC568-05-1817', 19, '2020-02-21 11:42:29', '3 Towne Crossing'),
('BC568-94-7949', 10, '2020-01-30 07:59:08', '48486 Hayes Street'),
('BC570-86-0010', 11, '2020-02-02 03:59:15', '04 Coolidge Road'),
('BC571-23-0403', 34, '2020-02-09 02:03:48', '4 Continental Lane'),
('BC572-15-3447', 8, '2020-02-25 07:21:29', '75477 Kim Road'),
('BC572-15-3447', 21, '2020-01-14 18:56:40', '83658 Eagan Court'),
('BC574-78-9256', 22, '2019-12-19 06:19:06', '0 Muir Court'),
('BC577-42-1619', 29, '2020-02-04 00:53:01', '6054 Mandrake Crossing'),
('BC577-73-2549', 24, '2020-01-08 18:55:18', '2217 Sunbrook Lane'),
('BC581-94-5618', 18, '2020-01-18 23:03:57', '4766 Oriole Terrace'),
('BC582-01-9829', 20, '2020-02-04 09:10:20', '957 Maryland Road'),
('BC582-73-4127', 8, '2020-02-20 07:39:28', '0626 Haas Way'),
('BC583-49-1765', 20, '2020-02-24 19:34:03', '2 Bunting Street'),
('BC587-20-6299', 5, '2020-01-10 02:46:17', '95233 Brickson Park Pass'),
('BC587-67-5670', 14, '2020-03-11 08:16:33', '20416 Sherman Pass'),
('BC589-15-3126', 6, '2020-02-02 11:28:59', '3 Morrow Plaza'),
('BC589-60-3364', 8, '2020-02-27 09:55:22', '6 Lakeland Parkway'),
('BC590-21-4477', 15, '2020-02-22 23:06:14', '57577 Novick Crossing'),
('BC590-41-9086', 35, '2020-02-08 22:41:49', '32 Pearson Junction'),
('BC590-77-8014', 7, '2020-01-09 21:29:27', '4 Superior Place'),
('BC596-29-6236', 23, '2020-02-26 06:09:55', '0 Dawn Street'),
('BC596-77-4783', 19, '2020-02-04 02:48:53', '3349 Haas Lane'),
('BC597-98-3247', 29, '2020-02-17 01:45:29', '7972 Mayer Crossing'),
('BC599-37-0320', 12, '2020-01-02 21:03:36', '364 Garrison Crossing'),
('BC601-35-5197', 24, '2020-02-03 13:23:34', '560 Laurel Way'),
('BC601-93-9682', 1, '2020-03-13 13:03:05', '54 Coolidge Crossing'),
('BC602-74-0313', 25, '2019-12-18 16:23:37', '07 Rigney Street'),
('BC603-81-6861', 30, '2020-01-04 04:57:51', '1 Ryan Junction'),
('BC605-06-3230', 7, '2020-02-05 01:15:00', '55 Hoard Parkway'),
('BC607-18-2902', 1, '2020-02-07 20:41:13', '3781 Melody Place'),
('BC608-19-0863', 3, '2020-02-17 12:59:54', '33 Hoffman Crossing'),
('BC608-82-0566', 15, '2020-01-20 06:36:41', '270 Graedel Place'),
('BC609-27-0434', 9, '2020-01-04 22:49:42', '76787 Petterle Plaza'),
('BC612-38-4208', 12, '2019-12-23 08:36:34', '02 Sommers Plaza'),
('BC613-16-5564', 2, '2019-12-28 17:42:20', '58001 Mesta Court'),
('BC618-05-1714', 29, '2020-01-01 05:17:35', '3504 Dwight Park'),
('BC618-49-3917', 30, '2020-01-03 16:20:40', '09288 Bonner Way'),
('BC618-81-9967', 23, '2020-02-25 11:56:49', '391 Moulton Avenue'),
('BC621-23-5531', 35, '2020-03-01 16:31:37', '315 Independence Pass'),
('BC622-76-2443', 28, '2020-01-25 21:52:31', '5 Gerald Junction'),
('BC623-63-9565', 20, '2020-01-25 10:27:33', '6 Kim Pass'),
('BC624-77-5396', 4, '2020-02-25 22:50:27', '76739 Calypso Park'),
('BC624-83-4231', 27, '2020-01-01 03:44:18', '17 Rigney Lane'),
('BC624-95-7407', 8, '2020-01-31 07:51:16', '8193 Hermina Circle'),
('BC625-80-9082', 23, '2020-03-01 05:57:02', '795 Towne Street'),
('BC626-97-7210', 6, '2020-01-05 18:21:53', '334 Esch Court'),
('BC627-38-5220', 4, '2020-02-28 18:03:18', '2739 Debs Terrace'),
('BC627-38-5220', 32, '2019-12-17 23:29:16', '40600 Mockingbird Center'),
('BC629-71-2469', 4, '2020-02-08 13:23:11', '598 Pennsylvania Terrace'),
('BC632-70-2965', 19, '2020-01-12 11:51:07', '1352 Crownhardt Alley'),
('BC632-79-7391', 23, '2020-01-23 00:30:56', '3619 Dottie Plaza'),
('BC634-52-5588', 18, '2020-02-11 23:18:16', '9 Eliot Plaza'),
('BC636-51-6039', 32, '2020-03-12 14:35:35', '2 Jenifer Parkway'),
('BC637-23-2491', 33, '2020-01-24 18:31:58', '1 Towne Street'),
('BC638-03-3878', 20, '2019-12-29 16:08:24', '8 Holy Cross Center'),
('BC641-45-9469', 7, '2020-03-06 11:35:04', '5737 Arkansas Place'),
('BC645-28-7067', 34, '2020-01-11 03:38:57', '5 Harbort Court'),
('BC649-41-0928', 10, '2020-02-23 15:28:05', '79 Mallory Plaza'),
('BC649-97-3757', 35, '2020-01-22 08:34:32', '69 Oxford Center'),
('BC653-68-4942', 1, '2020-02-24 23:59:48', '33 1st Alley'),
('BC654-25-9609', 27, '2020-01-01 14:20:42', '97 Fairfield Junction'),
('BC656-75-5289', 29, '2020-01-26 02:02:41', '464 Farmco Court'),
('BC657-91-0916', 33, '2020-01-23 21:49:59', '183 Clyde Gallagher Avenue'),
('BC660-90-6483', 6, '2020-01-01 00:25:10', '18301 Vidon Park'),
('BC661-67-1953', 11, '2020-01-04 12:32:59', '7 Reindahl Trail'),
('BC662-33-9226', 18, '2020-01-26 23:13:56', '2 Northridge Alley'),
('BC668-99-1526', 18, '2020-01-23 06:42:46', '41518 Packers Road'),
('BC670-69-7937', 24, '2020-01-02 09:17:51', '38 Vahlen Lane'),
('BC672-99-5382', 9, '2020-02-23 01:06:30', '355 Thompson Plaza'),
('BC673-13-5176', 1, '2020-02-29 17:49:05', '03102 Service Trail'),
('BC680-70-9275', 31, '2020-02-28 08:22:44', '0015 Pierstorff Avenue'),
('BC681-09-7775', 28, '2020-02-02 07:38:42', '6 Eliot Lane'),
('BC681-21-4976', 29, '2019-12-21 06:33:43', '02 Fallview Street'),
('BC681-58-8592', 9, '2019-12-28 16:15:19', '69019 Prairieview Crossing'),
('BC685-50-5180', 32, '2020-01-29 16:46:35', '62150 Pawling Point'),
('BC687-39-0536', 11, '2020-02-22 12:27:55', '682 Moulton Road'),
('BC689-13-7186', 17, '2019-12-24 18:09:23', '04 Miller Point'),
('BC691-18-5412', 25, '2020-02-09 00:54:29', '96 Division Circle'),
('BC693-18-7060', 6, '2019-12-21 03:32:24', '35 Colorado Circle'),
('BC696-60-5149', 22, '2019-12-30 08:52:32', '3 Mcguire Way'),
('BC697-81-9638', 9, '2020-01-02 12:50:57', '4907 Fallview Hill'),
('BC700-79-2906', 21, '2020-03-11 20:11:37', '634 Hagan Trail'),
('BC702-66-5711', 20, '2020-03-05 19:50:32', '76881 Canary Plaza'),
('BC703-22-5035', 24, '2020-02-16 04:03:07', '9572 Havey Lane'),
('BC703-27-0664', 30, '2020-01-06 22:54:33', '56683 Corben Way'),
('BC703-31-0280', 17, '2020-01-30 07:40:42', '70710 Ohio Way'),
('BC704-13-4136', 10, '2020-02-08 01:30:13', '7 Melvin Center'),
('BC704-44-1825', 2, '2020-01-21 19:45:43', '003 Lakeland Terrace'),
('BC710-20-0744', 20, '2020-01-20 03:35:38', '4210 4th Crossing'),
('BC710-20-0744', 35, '2020-02-16 01:40:14', '26 Armistice Drive'),
('BC710-77-7741', 17, '2020-01-21 15:34:25', '0 Lillian Center'),
('BC715-52-9712', 4, '2020-01-19 02:04:23', '7487 Shopko Trail'),
('BC718-36-1330', 13, '2020-02-07 03:30:45', '0 Transport Point'),
('BC720-44-5786', 34, '2020-03-05 03:55:42', '219 Mosinee Road'),
('BC722-78-5703', 27, '2019-12-26 03:09:50', '38027 Sage Way'),
('BC727-49-0091', 25, '2020-02-11 23:38:43', '802 Susan Drive'),
('BC736-33-3443', 17, '2020-01-28 03:35:48', '01856 Golf Course Junction'),
('BC737-04-3908', 3, '2020-02-03 00:06:33', '52788 Homewood Lane'),
('BC738-30-7615', 27, '2020-01-19 02:24:47', '80747 Hanover Alley'),
('BC738-75-1252', 17, '2020-01-03 02:56:40', '7 Messerschmidt Junction'),
('BC742-31-7837', 27, '2020-01-31 22:12:53', '1 Mariners Cove Alley'),
('BC743-03-8284', 2, '2020-03-07 12:27:10', '7 Lukken Circle'),
('BC743-23-2516', 35, '2019-12-27 05:31:57', '8083 Emmet Center'),
('BC743-41-3987', 23, '2020-02-11 13:36:01', '3418 Upham Lane'),
('BC743-86-9325', 9, '2020-02-12 13:03:03', '14 Hoepker Park'),
('BC747-51-7671', 12, '2020-02-01 14:43:15', '2 Everett Trail'),
('BC749-12-3310', 17, '2019-12-16 06:45:01', '04384 Barby Parkway'),
('BC750-29-1924', 28, '2020-02-25 21:25:49', '2 Riverside Hill'),
('BC751-79-8753', 34, '2020-01-01 23:48:10', '48619 Harbort Drive'),
('BC753-63-1597', 21, '2020-03-01 07:44:14', '1248 Knutson Plaza'),
('BC753-72-0968', 20, '2020-02-10 04:32:35', '00475 Kingsford Crossing'),
('BC753-73-6601', 34, '2020-03-01 19:50:00', '80432 Becker Road'),
('BC755-07-0944', 34, '2020-02-29 23:03:14', '4475 International Circle'),
('BC761-78-3730', 13, '2020-02-19 01:08:00', '21447 Eastlawn Avenue'),
('BC762-07-8235', 12, '2020-02-01 18:11:41', '71444 Memorial Place'),
('BC762-28-5256', 9, '2020-02-11 07:24:36', '23657 Cascade Center'),
('BC767-46-6395', 23, '2019-12-31 09:55:49', '5787 Dayton Center'),
('BC769-56-3309', 27, '2020-03-12 02:03:56', '7 Dwight Alley'),
('BC771-52-0407', 7, '2019-12-29 22:43:37', '55925 Lien Point'),
('BC771-52-0407', 13, '2020-02-20 12:04:24', '3076 Shasta Point'),
('BC775-56-3753', 2, '2020-01-10 00:39:26', '7045 Tennessee Street'),
('BC780-78-5391', 1, '2020-02-22 22:21:44', '4 Johnson Street'),
('BC784-14-4516', 24, '2020-03-07 05:28:40', '1051 New Castle Circle'),
('BC784-37-0418', 20, '2019-12-28 16:29:37', '900 Mifflin Street'),
('BC786-37-0830', 23, '2020-01-13 11:17:44', '011 Ruskin Place'),
('BC786-57-3130', 2, '2020-01-08 13:01:24', '0 New Castle Center'),
('BC789-39-4626', 8, '2020-01-27 00:22:30', '490 Hoffman Trail'),
('BC796-73-6658', 30, '2020-01-09 22:47:52', '53 Oxford Alley'),
('BC798-61-4899', 10, '2020-01-03 12:27:50', '156 Rockefeller Crossing'),
('BC801-08-4302', 9, '2020-01-02 05:00:55', '208 Northland Crossing'),
('BC801-63-8571', 2, '2020-02-24 06:48:30', '2 Dottie Point'),
('BC804-54-0675', 17, '2020-02-13 18:30:02', '09 Hanover Crossing'),
('BC809-84-6697', 6, '2020-03-13 17:27:56', '84 Debs Court'),
('BC811-20-0788', 14, '2020-03-07 11:42:51', '92651 Norway Maple Circle'),
('BC814-56-8269', 13, '2020-02-13 18:49:29', '41 Vidon Pass'),
('BC814-56-8269', 21, '2020-02-09 07:59:25', '8989 Main Hill'),
('BC814-78-1660', 2, '2020-01-18 12:59:02', '1 Vernon Hill'),
('BC815-80-9167', 33, '2020-01-08 23:41:54', '682 Reinke Crossing'),
('BC816-09-3919', 22, '2020-03-13 00:32:52', '29206 Eagle Crest Pass'),
('BC817-67-6838', 12, '2019-12-28 16:07:45', '25079 Lunder Street'),
('BC818-18-9081', 35, '2020-03-01 06:52:24', '5275 Buell Trail'),
('BC819-65-0041', 20, '2020-02-14 08:36:14', '386 Lakewood Park'),
('BC820-66-1418', 22, '2020-02-22 06:04:36', '5 Autumn Leaf Lane'),
('BC820-71-0080', 9, '2020-01-25 04:44:29', '533 Lien Street'),
('BC824-77-3487', 31, '2020-01-05 17:55:59', '267 Waxwing Road'),
('BC826-37-3332', 26, '2020-03-12 20:25:40', '0 Waubesa Trail'),
('BC828-53-9522', 2, '2019-12-22 07:28:40', '63 Northport Drive'),
('BC828-53-9522', 25, '2020-01-13 05:30:08', '1470 Old Gate Pass'),
('BC828-89-4237', 20, '2020-02-04 08:00:30', '3 Park Meadow Avenue'),
('BC830-30-2005', 14, '2019-12-24 04:41:26', '99 Sunnyside Drive'),
('BC832-94-2122', 4, '2020-01-20 23:29:36', '14442 Comanche Court'),
('BC833-13-0312', 35, '2020-02-03 04:09:09', '52 Bashford Hill'),
('BC834-07-9621', 31, '2020-01-04 21:04:41', '59 Main Way'),
('BC834-21-5659', 30, '2019-12-26 18:52:32', '3 Hooker Terrace'),
('BC834-78-7608', 24, '2020-03-05 03:44:07', '9 Redwing Street'),
('BC835-01-2442', 9, '2020-02-17 14:03:44', '91695 Washington Trail'),
('BC835-75-3804', 22, '2020-02-27 19:14:30', '6673 Clove Lane'),
('BC836-10-6676', 27, '2019-12-25 18:31:45', '48 Pepper Wood Place'),
('BC837-61-0218', 2, '2020-02-13 16:44:13', '1 Pleasure Trail'),
('BC846-71-4540', 29, '2019-12-16 08:47:05', '85252 Roxbury Hill'),
('BC848-38-1902', 19, '2020-01-24 23:07:38', '140 Annamark Drive'),
('BC850-18-3898', 21, '2020-01-07 11:38:28', '671 Elgar Lane'),
('BC850-38-0383', 22, '2019-12-30 04:49:32', '0 Sloan Circle'),
('BC855-45-3302', 12, '2019-12-27 23:30:31', '070 Mayfield Terrace'),
('BC856-02-5885', 31, '2020-02-08 19:05:20', '80170 Lakewood Gardens Avenue'),
('BC856-09-2124', 33, '2020-01-07 22:18:36', '80 Waywood Point'),
('BC858-87-1732', 25, '2020-02-15 21:58:01', '58 Redwing Circle'),
('BC862-10-4344', 20, '2020-01-01 13:32:41', '12294 Killdeer Road'),
('BC864-45-0164', 14, '2019-12-26 00:59:48', '9 Carey Trail'),
('BC866-63-2615', 25, '2020-01-15 12:47:24', '93417 Pleasure Street'),
('BC868-55-7239', 28, '2019-12-30 22:50:20', '0573 East Avenue'),
('BC869-93-5966', 26, '2020-01-16 22:06:15', '296 Oak Valley Trail'),
('BC870-79-2719', 5, '2020-02-02 02:19:57', '6 Nobel Trail'),
('BC871-90-7039', 30, '2020-02-05 10:37:52', '60 Granby Place'),
('BC871-93-2760', 24, '2020-01-12 15:19:26', '0677 Delladonna Pass'),
('BC873-62-3025', 31, '2020-02-10 12:24:47', '3447 Arrowood Court'),
('BC874-71-1796', 22, '2020-02-29 09:16:41', '22 Raven Junction'),
('BC875-51-6220', 8, '2020-01-27 01:07:04', '728 Reindahl Junction'),
('BC876-89-3680', 17, '2020-02-22 07:30:15', '8 Paget Lane'),
('BC881-52-1103', 27, '2020-01-16 23:02:33', '75134 Packers Alley'),
('BC882-60-8372', 18, '2019-12-31 23:42:51', '88 Loftsgordon Circle'),
('BC882-72-7660', 22, '2020-03-09 02:47:58', '1 Oxford Circle'),
('BC883-68-4370', 9, '2019-12-26 08:07:24', '29851 Cordelia Terrace'),
('BC884-58-1975', 15, '2020-03-04 20:13:34', '546 Hoepker Park'),
('BC884-93-1177', 5, '2019-12-18 09:36:04', '9863 Schurz Point'),
('BC885-61-4087', 18, '2020-02-02 14:54:23', '9 Declaration Alley'),
('BC886-72-9296', 12, '2020-03-05 06:37:47', '78979 Hansons Plaza'),
('BC888-20-5328', 28, '2019-12-16 18:40:20', '785 Eagan Road'),
('BC892-10-2847', 31, '2020-03-09 01:51:15', '1 Hovde Center'),
('BC894-13-2908', 3, '2019-12-29 14:28:57', '05237 Rutledge Way'),
('BC899-23-6900', 8, '2019-12-30 06:52:00', '237 Lawn Drive'),
('BC899-69-4241', 31, '2020-02-25 15:03:03', '586 Pierstorff Place');

-- --------------------------------------------------------

--
-- Structure de la table `user`
--

CREATE TABLE `user` (
  `id_user` int(11) NOT NULL,
  `username` varchar(255) NOT NULL,
  `password` varchar(255) NOT NULL
) ENGINE=InnoDB DEFAULT CHARSET=utf8mb4 COLLATE=utf8mb4_general_ci;

--
-- Déchargement des données de la table `user`
--

INSERT INTO `user` (`id_user`, `username`, `password`) VALUES
(1, 'admin', '$2y$10$IleZg8iN08QgA1OZHnTWmeL.WGyKJ9Mwl2dSzBA7PBcPGmj7ZhuzO'),
(2, 'thomas', '$2y$10$xZl0s8eWxDrvIs51oj4ekO3ZNNGfbCiTVtSSvCdCgFRclk3yrnthq');

-- --------------------------------------------------------

--
-- Structure de la table `variete`
--

CREATE TABLE `variete` (
  `id_variete` tinyint(4) NOT NULL,
  `libelle` varchar(255) NOT NULL,
  `img_url` varchar(255) DEFAULT NULL
) ENGINE=InnoDB DEFAULT CHARSET=utf8mb4 COLLATE=utf8mb4_general_ci;

--
-- Déchargement des données de la table `variete`
--

INSERT INTO `variete` (`id_variete`, `libelle`, `img_url`) VALUES
(1, 'Rose', 'http://image.noelshack.com/fichiers/2023/07/5/1676638939-rose.jpg'),
(2, 'Tulipe', 'http://image.noelshack.com/fichiers/2023/07/5/1676638936-tulipe.jpg'),
(3, 'Marguerite', 'http://image.noelshack.com/fichiers/2023/07/5/1676638943-marguerite.jpg'),
(4, 'Muguet', 'http://image.noelshack.com/fichiers/2023/07/5/1676638946-muguet.jpg'),
(5, 'Fuschia', 'http://image.noelshack.com/fichiers/2023/07/5/1676638908-fuschia.jpg'),
(6, 'Lila', 'http://image.noelshack.com/fichiers/2023/07/5/1676638908-lila.jpeg'),
(7, 'Mimosa', 'http://image.noelshack.com/fichiers/2023/07/5/1676638948-mimosa.jpg'),
(8, 'Paquerette', 'http://image.noelshack.com/fichiers/2023/07/5/1676638950-paquerette.jpg'),
(9, 'Oeillet', 'http://image.noelshack.com/fichiers/2023/07/5/1676638950-paquerette.jpg'),
(10, 'Chrysanthème', 'http://image.noelshack.com/fichiers/2023/07/5/1676638908-chrysanthemekorallorangebraun-scaled.jpg'),
(11, 'Jonquille', 'http://image.noelshack.com/fichiers/2023/07/5/1676638908-jonquille.jpg'),
(12, 'Orchidee', 'http://image.noelshack.com/fichiers/2023/07/5/1676638974-orchidee.jpg'),
(13, 'Iris', 'http://image.noelshack.com/fichiers/2023/07/5/1676638908-iris.jpg'),
(14, 'Hortensia', 'http://image.noelshack.com/fichiers/2023/07/5/1676638908-hortensia.jpg');

--
-- Index pour les tables déchargées
--

--
-- Index pour la table `client`
--
ALTER TABLE `client`
  ADD PRIMARY KEY (`id_client`);

--
-- Index pour la table `commande`
--
ALTER TABLE `commande`
  ADD PRIMARY KEY (`num_commande`),
  ADD KEY `id_client` (`id_client`);

--
-- Index pour la table `couleur`
--
ALTER TABLE `couleur`
  ADD PRIMARY KEY (`id_couleur`),
  ADD UNIQUE KEY `libelle` (`libelle`);

--
-- Index pour la table `fleur`
--
ALTER TABLE `fleur`
  ADD PRIMARY KEY (`id_fleur`),
  ADD KEY `id_variete` (`id_variete`),
  ADD KEY `id_couleur` (`id_couleur`);

--
-- Index pour la table `fournisseur`
--
ALTER TABLE `fournisseur`
  ADD PRIMARY KEY (`id_fournisseur`);

--
-- Index pour la table `fournisseur_fleur`
--
ALTER TABLE `fournisseur_fleur`
  ADD PRIMARY KEY (`id_fournisseur`,`id_fleur`),
  ADD KEY `id_fleur` (`id_fleur`);

--
-- Index pour la table `ligne_commande`
--
ALTER TABLE `ligne_commande`
  ADD PRIMARY KEY (`num_commande`,`id_fleur`,`date_livraison`,`adresse_livraison`),
  ADD KEY `id_fleur` (`id_fleur`);

--
-- Index pour la table `user`
--
ALTER TABLE `user`
  ADD PRIMARY KEY (`id_user`),
  ADD UNIQUE KEY `username` (`username`);

--
-- Index pour la table `variete`
--
ALTER TABLE `variete`
  ADD PRIMARY KEY (`id_variete`),
  ADD UNIQUE KEY `libelle` (`libelle`);

--
-- AUTO_INCREMENT pour les tables déchargées
--

--
-- AUTO_INCREMENT pour la table `client`
--
ALTER TABLE `client`
  MODIFY `id_client` int(11) NOT NULL AUTO_INCREMENT, AUTO_INCREMENT=100;

--
-- AUTO_INCREMENT pour la table `couleur`
--
ALTER TABLE `couleur`
  MODIFY `id_couleur` tinyint(4) NOT NULL AUTO_INCREMENT, AUTO_INCREMENT=21;

--
-- AUTO_INCREMENT pour la table `fleur`
--
ALTER TABLE `fleur`
  MODIFY `id_fleur` mediumint(9) NOT NULL AUTO_INCREMENT, AUTO_INCREMENT=36;

--
-- AUTO_INCREMENT pour la table `fournisseur`
--
ALTER TABLE `fournisseur`
  MODIFY `id_fournisseur` mediumint(9) NOT NULL AUTO_INCREMENT, AUTO_INCREMENT=7;

--
-- AUTO_INCREMENT pour la table `user`
--
ALTER TABLE `user`
  MODIFY `id_user` int(11) NOT NULL AUTO_INCREMENT, AUTO_INCREMENT=3;

--
-- AUTO_INCREMENT pour la table `variete`
--
ALTER TABLE `variete`
  MODIFY `id_variete` tinyint(4) NOT NULL AUTO_INCREMENT, AUTO_INCREMENT=15;

--
-- Contraintes pour les tables déchargées
--

--
-- Contraintes pour la table `commande`
--
ALTER TABLE `commande`
  ADD CONSTRAINT `commande_ibfk_1` FOREIGN KEY (`id_client`) REFERENCES `client` (`id_client`);

--
-- Contraintes pour la table `fleur`
--
ALTER TABLE `fleur`
  ADD CONSTRAINT `fleur_ibfk_1` FOREIGN KEY (`id_variete`) REFERENCES `variete` (`id_variete`),
  ADD CONSTRAINT `fleur_ibfk_2` FOREIGN KEY (`id_couleur`) REFERENCES `couleur` (`id_couleur`);

--
-- Contraintes pour la table `fournisseur_fleur`
--
ALTER TABLE `fournisseur_fleur`
  ADD CONSTRAINT `fournisseur_fleur_ibfk_1` FOREIGN KEY (`id_fleur`) REFERENCES `fleur` (`id_fleur`),
  ADD CONSTRAINT `fournisseur_fleur_ibfk_2` FOREIGN KEY (`id_fournisseur`) REFERENCES `fournisseur` (`id_fournisseur`);

--
-- Contraintes pour la table `ligne_commande`
--
ALTER TABLE `ligne_commande`
  ADD CONSTRAINT `ligne_commande_ibfk_1` FOREIGN KEY (`num_commande`) REFERENCES `commande` (`num_commande`),
  ADD CONSTRAINT `ligne_commande_ibfk_2` FOREIGN KEY (`id_fleur`) REFERENCES `fleur` (`id_fleur`);
COMMIT;

/*!40101 SET CHARACTER_SET_CLIENT=@OLD_CHARACTER_SET_CLIENT */;
/*!40101 SET CHARACTER_SET_RESULTS=@OLD_CHARACTER_SET_RESULTS */;
/*!40101 SET COLLATION_CONNECTION=@OLD_COLLATION_CONNECTION */;
